donor_id,locus_index,allele_index,allele_name,allele_symbol
331294,0,0,,Vip-IRES-Cre
331294,0,1,,wt
331294,1,0,,Ai14(RCL-tdT)
331294,1,1,,wt
331663,0,0,,Sst-IRES-Cre
331663,0,1,,wt
331663,1,0,,Ai14(RCL-tdT)
331663,1,1,,wt
331660,0,0,,Sst-IRES-Cre
331660,0,1,,wt
331660,1,0,,Ai14(RCL-tdT)
331660,1,1,,wt
331657,0,0,,Sst-IRES-Cre
331657,0,1,,wt
331657,1,0,,Ai14(RCL-tdT)
331657,1,1,,wt
336703,0,0,,Vip-IRES-Cre
336703,0,1,,wt
336703,1,0,,Ai14(RCL-tdT)
336703,1,1,,wt
336139,0,0,,Vip-IRES-Cre
336139,0,1,,wt
336139,1,0,,Ai14(RCL-tdT)
336139,1,1,,wt
337417,0,0,,Vipr2-IRES2-Cre
337417,0,1,,wt
337417,1,0,,Slc32a1-T2A-FlpO
337417,1,1,,wt
337417,2,0,,Ai65(RCFL-tdT)
337417,2,1,,wt
337416,0,0,,Vipr2-IRES2-Cre
337416,0,1,,wt
337416,1,0,,Slc32a1-T2A-FlpO
337416,1,1,,wt
337416,2,0,,Ai65(RCFL-tdT)
337416,2,1,,wt
342915,0,0,,Vip-IRES-Cre
342915,0,1,,wt
342915,1,0,,Ai14(RCL-tdT)
342915,1,1,,wt
341889,0,0,,Chat-IRES-Cre-neo
341889,0,1,,wt
341889,1,0,,Ai14(RCL-tdT)
341889,1,1,,wt
341890,0,0,,Chat-IRES-Cre-neo
341890,0,1,,wt
341890,1,0,,Ai14(RCL-tdT)
341890,1,1,,wt
341891,0,0,,Chat-IRES-Cre-neo
341891,0,1,,wt
341891,1,0,,Ai14(RCL-tdT)
341891,1,1,,wt
344090,0,0,,Pvalb-IRES-Cre
344090,0,1,,wt
344090,1,0,,Ai14(RCL-tdT)
344090,1,1,,wt
346778,0,0,,Sst-IRES-Cre
346778,0,1,,wt
346778,1,0,,Ai14(RCL-tdT)
346778,1,1,,wt
346780,0,0,,Sst-IRES-Cre
346780,0,1,,wt
346780,1,0,,Ai14(RCL-tdT)
346780,1,1,,wt
346782,0,0,,Sst-IRES-Cre
346782,0,1,,wt
346782,1,0,,Ai14(RCL-tdT)
346782,1,1,,wt
346783,0,0,,Sst-IRES-Cre
346783,0,1,,wt
346783,1,0,,Ai14(RCL-tdT)
346783,1,1,,wt
346784,0,0,,Sst-IRES-Cre
346784,0,1,,wt
346784,1,0,,Ai14(RCL-tdT)
346784,1,1,,wt
346909,0,0,,Sst-IRES-Cre
346909,0,1,,wt
346909,1,0,,Ai14(RCL-tdT)
346909,1,1,,wt
347064,0,0,,Chrna2-Cre_OE25
347064,0,1,,wt
347064,1,0,,Ai14(RCL-tdT)
347064,1,1,,wt
348727,0,0,,Vip-IRES-Cre
348727,0,1,,wt
348727,1,0,,Ai14(RCL-tdT)
348727,1,1,,wt
347157,0,0,,Oxtr-T2A-Cre
347157,0,1,,wt
347157,1,0,,Ai14(RCL-tdT)
347157,1,1,,wt
349020,0,0,,Htr3a-Cre_NO152
349020,0,1,,wt
349020,1,0,,Ai14(RCL-tdT)
349020,1,1,,wt
347843,0,0,,Htr3a-Cre_NO152
347843,0,1,,wt
347843,1,0,,Ai14(RCL-tdT)
347843,1,1,,wt
347579,0,0,,Pvalb-IRES-Cre
347579,0,1,,wt
347579,1,0,,Ai14(RCL-tdT)
347579,1,1,,wt
348725,0,0,,Vip-IRES-Cre
348725,0,1,,wt
348725,1,0,,Ai14(RCL-tdT)
348725,1,1,,wt
347159,0,0,,Oxtr-T2A-Cre
347159,0,1,,wt
347159,1,0,,Ai14(RCL-tdT)
347159,1,1,,wt
349007,0,0,,Rorb-IRES2-Cre
349007,0,1,,wt
349007,1,0,,Ai14(RCL-tdT)
349007,1,1,,wt
349028,0,0,,Pvalb-IRES-Cre
349028,0,1,,wt
349028,1,0,,Ai14(RCL-tdT)
349028,1,1,,wt
347203,0,0,,Slc32a1-IRES-Cre
347203,0,1,,wt
347203,1,0,,Ai14(RCL-tdT)
347203,1,1,,wt
347204,0,0,,Slc32a1-IRES-Cre
347204,0,1,,wt
347204,1,0,,Ai14(RCL-tdT)
347204,1,1,,wt
351462,0,0,,Vip-IRES-Cre
351462,0,1,,wt
351462,1,0,,Ai14(RCL-tdT)
351462,1,1,,wt
347205,0,0,,Slc32a1-IRES-Cre
347205,0,1,,wt
347205,1,0,,Ai14(RCL-tdT)
347205,1,1,,wt
348997,0,0,,Slc32a1-IRES-Cre
348997,0,1,,wt
348997,1,0,,Ai14(RCL-tdT)
348997,1,1,,wt
348998,0,0,,Slc32a1-IRES-Cre
348998,0,1,,wt
348998,1,0,,Ai14(RCL-tdT)
348998,1,1,,wt
351458,0,0,,Vip-IRES-Cre
351458,0,1,,wt
351458,1,0,,Ai14(RCL-tdT)
351458,1,1,,wt
350671,0,0,,Gad2-IRES-Cre
350671,0,1,,wt
350671,1,0,,Ai14(RCL-tdT)
350671,1,1,,wt
350672,0,0,,Gad2-IRES-Cre
350672,0,1,,wt
350672,1,0,,Ai14(RCL-tdT)
350672,1,1,,wt
351067,0,0,,Chrna2-Cre_OE25
351067,0,1,,wt
351067,1,0,,Ai14(RCL-tdT)
351067,1,1,,wt
350674,0,0,,Gad2-IRES-Cre
350674,0,1,,wt
350674,1,0,,Ai14(RCL-tdT)
350674,1,1,,wt
351070,0,0,,Chrna2-Cre_OE25
351070,0,1,,wt
351070,1,0,,Ai14(RCL-tdT)
351070,1,1,,wt
351470,0,0,,Oxtr-T2A-Cre
351470,0,1,,wt
351470,1,0,,Ai14(RCL-tdT)
351470,1,1,,wt
351471,0,0,,Oxtr-T2A-Cre
351471,0,1,,wt
351471,1,0,,Ai14(RCL-tdT)
351471,1,1,,wt
350938,0,0,,Nos1-CreERT2
350938,0,1,,wt
350938,1,0,,Sst-IRES-FlpO
350938,1,1,,wt
350938,2,0,,Ai65(RCFL-tdT)
350938,2,1,,wt
350675,0,0,,Gad2-IRES-Cre
350675,0,1,,wt
350675,1,0,,Ai14(RCL-tdT)
350675,1,1,,wt
350676,0,0,,Gad2-IRES-Cre
350676,0,1,,wt
350676,1,0,,Ai14(RCL-tdT)
350676,1,1,,wt
351472,0,0,,Oxtr-T2A-Cre
351472,0,1,,wt
351472,1,0,,Ai14(RCL-tdT)
351472,1,1,,wt
351473,0,0,,Oxtr-T2A-Cre
351473,0,1,,wt
351473,1,0,,Ai14(RCL-tdT)
351473,1,1,,wt
351080,0,0,,Chrna2-Cre_OE25
351080,0,1,,wt
351080,1,0,,Ai14(RCL-tdT)
351080,1,1,,wt
351990,0,0,,Gad2-IRES-Cre
351990,0,1,,wt
351990,1,0,,Ai14(RCL-tdT)
351990,1,1,,wt
353735,0,0,,Ndnf-IRES2-dgCre
353735,0,1,,wt
353735,1,0,,Ai14(RCL-tdT)
353735,1,1,,wt
352686,0,0,,Gad2-IRES-Cre
352686,0,1,,wt
352686,1,0,,Ai14(RCL-tdT)
352686,1,1,,wt
354376,0,0,,Vip-IRES-Cre
354376,0,1,,wt
354376,1,0,,Ai14(RCL-tdT)
354376,1,1,,wt
354378,0,0,,Vip-IRES-Cre
354378,0,1,,wt
354378,1,0,,Ai14(RCL-tdT)
354378,1,1,,wt
352688,0,0,,Gad2-IRES-Cre
352688,0,1,,wt
352688,1,0,,Ai14(RCL-tdT)
352688,1,1,,wt
353737,0,0,,Ndnf-IRES2-dgCre
353737,0,1,,wt
353737,1,0,,Ai14(RCL-tdT)
353737,1,1,,wt
355068,0,0,,Vip-IRES-Cre
355068,0,1,,wt
355068,1,0,,Ai14(RCL-tdT)
355068,1,1,,wt
355066,0,0,,Vip-IRES-Cre
355066,0,1,,wt
355066,1,0,,Ai14(RCL-tdT)
355066,1,1,,wt
353740,0,0,,Ndnf-IRES2-dgCre
353740,0,1,,wt
353740,1,0,,Ai14(RCL-tdT)
353740,1,1,,wt
352690,0,0,,Gad2-IRES-Cre
352690,0,1,,wt
352690,1,0,,Ai14(RCL-tdT)
352690,1,1,,wt
353427,0,0,,Pdyn-T2A-CreERT2
353427,0,1,,wt
353427,1,0,,Ai14(RCL-tdT)
353427,1,1,,wt
355016,0,0,,Chrna2-Cre_OE25
355016,0,1,,wt
355016,1,0,,Ai14(RCL-tdT)
355016,1,1,,wt
355017,0,0,,Chrna2-Cre_OE25
355017,0,1,,wt
355017,1,0,,Ai14(RCL-tdT)
355017,1,1,,wt
353887,0,0,,Pdyn-T2A-CreERT2
353887,0,1,,wt
353887,1,0,,Ai14(RCL-tdT)
353887,1,1,,wt
353430,0,0,,Pdyn-T2A-CreERT2
353430,0,1,,wt
353430,1,0,,Ai14(RCL-tdT)
353430,1,1,,wt
353543,0,0,,Nos1-CreERT2
353543,0,1,,wt
353543,1,0,,Sst-IRES-FlpO
353543,1,1,,wt
353543,2,0,,Ai65(RCFL-tdT)
353543,2,1,,wt
355475,0,0,,Chrna2-Cre_OE25
355475,0,1,,wt
355475,1,0,,Ai14(RCL-tdT)
355475,1,1,,wt
355060,0,0,,Nr5a1-Cre
355060,0,1,,wt
355060,1,0,,Ai14(RCL-tdT)
355060,1,1,,wt
353884,0,0,,Pdyn-T2A-CreERT2
353884,0,1,,wt
353884,1,0,,Ai14(RCL-tdT)
353884,1,1,,wt
353653,0,0,,Nos1-CreERT2
353653,0,1,,wt
353653,1,0,,Sst-IRES-FlpO
353653,1,1,,wt
353653,2,0,,Ai65(RCFL-tdT)
353653,2,1,,wt
355476,0,0,,Chrna2-Cre_OE25
355476,0,1,,wt
355476,1,0,,Ai14(RCL-tdT)
355476,1,1,,wt
355477,0,0,,Chrna2-Cre_OE25
355477,0,1,,wt
355477,1,0,,Ai14(RCL-tdT)
355477,1,1,,wt
355478,0,0,,Chrna2-Cre_OE25
355478,0,1,,wt
355478,1,0,,Ai14(RCL-tdT)
355478,1,1,,wt
355222,0,0,,Ndnf-IRES2-dgCre
355222,0,1,,wt
355222,1,0,,Ai14(RCL-tdT)
355222,1,1,,wt
355223,0,0,,Ndnf-IRES2-dgCre
355223,0,1,,wt
355223,1,0,,Ai14(RCL-tdT)
355223,1,1,,wt
355295,0,0,,Oxtr-T2A-Cre
355295,0,1,,wt
355295,1,0,,Ai14(RCL-tdT)
355295,1,1,,wt
354958,0,0,,Slc32a1-IRES-Cre
354958,0,1,,wt
354958,1,0,,Ai14(RCL-tdT)
354958,1,1,,wt
355230,0,0,,Ndnf-IRES2-dgCre
355230,0,1,,wt
355230,1,0,,Ai14(RCL-tdT)
355230,1,1,,wt
355894,0,0,,Rorb-IRES2-Cre
355894,0,1,,wt
355894,1,0,,Ai14(RCL-tdT)
355894,1,1,,wt
355585,0,0,,Htr3a-Cre_NO152
355585,0,1,,wt
355585,1,0,,Ai14(RCL-tdT)
355585,1,1,,wt
355224,0,0,,Ndnf-IRES2-dgCre
355224,0,1,,wt
355224,1,0,,Ai14(RCL-tdT)
355224,1,1,,wt
354959,0,0,,Slc32a1-IRES-Cre
354959,0,1,,wt
354959,1,0,,Ai14(RCL-tdT)
354959,1,1,,wt
355586,0,0,,Htr3a-Cre_NO152
355586,0,1,,wt
355586,1,0,,Ai14(RCL-tdT)
355586,1,1,,wt
355298,0,0,,Oxtr-T2A-Cre
355298,0,1,,wt
355298,1,0,,Ai14(RCL-tdT)
355298,1,1,,wt
355226,0,0,,Ndnf-IRES2-dgCre
355226,0,1,,wt
355226,1,0,,Ai14(RCL-tdT)
355226,1,1,,wt
354960,0,0,,Slc32a1-IRES-Cre
354960,0,1,,wt
354960,1,0,,Ai14(RCL-tdT)
354960,1,1,,wt
355591,0,0,,Htr3a-Cre_NO152
355591,0,1,,wt
355591,1,0,,Ai14(RCL-tdT)
355591,1,1,,wt
355228,0,0,,Ndnf-IRES2-dgCre
355228,0,1,,wt
355228,1,0,,Ai14(RCL-tdT)
355228,1,1,,wt
354751,0,0,,Slc17a8-IRES2-Cre
354751,0,1,,wt
354751,1,0,,Slc32a1-IRES2-FlpO
354751,1,1,,wt
354751,2,0,,Ai65(RCFL-tdT)
354751,2,1,,wt
356148,0,0,,Chrna2-Cre_OE25
356148,0,1,,wt
356148,1,0,,Ai14(RCL-tdT)
356148,1,1,,wt
357010,0,0,,Rbp4-Cre_KL100
357010,0,1,,wt
357010,1,0,,Ai14(RCL-tdT)
357010,1,1,,wt
354752,0,0,,Slc17a8-IRES2-Cre
354752,0,1,,wt
354752,1,0,,Slc32a1-IRES2-FlpO
354752,1,1,,wt
354752,2,0,,Ai65(RCFL-tdT)
354752,2,1,,wt
356149,0,0,,Chrna2-Cre_OE25
356149,0,1,,wt
356149,1,0,,Ai14(RCL-tdT)
356149,1,1,,wt
357929,0,0,,Sst-IRES-Cre
357929,0,1,,wt
357929,1,0,,Ai14(RCL-tdT)
357929,1,1,,wt
357944,0,0,,Pvalb-IRES-Cre
357944,0,1,,wt
357944,1,0,,Ai14(RCL-tdT)
357944,1,1,,wt
357945,0,0,,Pvalb-IRES-Cre
357945,0,1,,wt
357945,1,0,,Ai14(RCL-tdT)
357945,1,1,,wt
357671,0,0,,Nos1-CreERT2
357671,0,1,,wt
357671,1,0,,Sst-IRES-FlpO
357671,1,1,,wt
357671,2,0,,Ai65(RCFL-tdT)
357671,2,1,,wt
357930,0,0,,Sst-IRES-Cre
357930,0,1,,wt
357930,1,0,,Ai14(RCL-tdT)
357930,1,1,,wt
357946,0,0,,Pvalb-IRES-Cre
357946,0,1,,wt
357946,1,0,,Ai14(RCL-tdT)
357946,1,1,,wt
357931,0,0,,Sst-IRES-Cre
357931,0,1,,wt
357931,1,0,,Ai14(RCL-tdT)
357931,1,1,,wt
357932,0,0,,Sst-IRES-Cre
357932,0,1,,wt
357932,1,0,,Ai14(RCL-tdT)
357932,1,1,,wt
358733,0,0,,Vip-IRES-Cre
358733,0,1,,wt
358733,1,0,,Ai14(RCL-tdT)
358733,1,1,,wt
358735,0,0,,Vip-IRES-Cre
358735,0,1,,wt
358735,1,0,,Ai14(RCL-tdT)
358735,1,1,,wt
358736,0,0,,Vip-IRES-Cre
358736,0,1,,wt
358736,1,0,,Ai14(RCL-tdT)
358736,1,1,,wt
360215,0,0,,Vip-IRES-Cre
360215,0,1,,wt
360215,1,0,,Ai14(RCL-tdT)
360215,1,1,,wt
359332,0,0,,Pvalb-IRES-Cre
359332,0,1,,wt
359332,1,0,,Ai14(RCL-tdT)
359332,1,1,,wt
358882,0,0,,Slc17a8-IRES2-Cre
358882,0,1,,wt
358882,1,0,,Slc32a1-IRES2-FlpO
358882,1,1,,wt
358882,2,0,,Ai65(RCFL-tdT)
358882,2,1,,wt
358898,0,0,,Ndnf-IRES2-dgCre
358898,0,1,,wt
358898,1,0,,Slc32a1-IRES2-FlpO
358898,1,1,,wt
358898,2,0,,Ai65(RCFL-tdT)
358898,2,1,,wt
359335,0,0,,Pvalb-IRES-Cre
359335,0,1,,wt
359335,1,0,,Ai14(RCL-tdT)
359335,1,1,,wt
359503,0,0,,Vip-IRES-Cre
359503,0,1,,wt
359503,1,0,,Ai14(RCL-tdT)
359503,1,1,,wt
358881,0,0,,Slc17a8-IRES2-Cre
358881,0,1,,wt
358881,1,0,,Slc32a1-IRES2-FlpO
358881,1,1,,wt
358881,2,0,,Ai65(RCFL-tdT)
358881,2,1,,wt
358897,0,0,,Ndnf-IRES2-dgCre
358897,0,1,,wt
358897,1,0,,Slc32a1-IRES2-FlpO
358897,1,1,,wt
358897,2,0,,Ai65(RCFL-tdT)
358897,2,1,,wt
359343,0,0,,Oxtr-T2A-Cre
359343,0,1,,wt
359343,1,0,,Ai14(RCL-tdT)
359343,1,1,,wt
359342,0,0,,Oxtr-T2A-Cre
359342,0,1,,wt
359342,1,0,,Ai14(RCL-tdT)
359342,1,1,,wt
359509,0,0,,Vip-IRES-Cre
359509,0,1,,wt
359509,1,0,,Ai14(RCL-tdT)
359509,1,1,,wt
359337,0,0,,Pvalb-IRES-Cre
359337,0,1,,wt
359337,1,0,,Ai14(RCL-tdT)
359337,1,1,,wt
361706,0,0,,Ndnf-IRES2-dgCre
361706,0,1,,wt
361706,1,0,,Ai14(RCL-tdT)
361706,1,1,,wt
361705,0,0,,Ndnf-IRES2-dgCre
361705,0,1,,wt
361705,1,0,,Ai14(RCL-tdT)
361705,1,1,,wt
362360,0,0,,Crh-IRES-Cre_ZJH
362360,0,1,,wt
362360,1,0,,Sst-IRES-FlpO
362360,1,1,,wt
362360,2,0,,Ai65(RCFL-tdT)
362360,2,1,,wt
362355,0,0,,Crh-IRES-Cre_ZJH
362355,0,1,,wt
362355,1,0,,Sst-IRES-FlpO
362355,1,1,,wt
362355,2,0,,Ai65(RCFL-tdT)
362355,2,1,,wt
362153,0,0,,Gad2-IRES-Cre
362153,0,1,,wt
362153,1,0,,Ai14(RCL-tdT)
362153,1,1,,wt
362357,0,0,,Crh-IRES-Cre_ZJH
362357,0,1,,wt
362357,1,0,,Sst-IRES-FlpO
362357,1,1,,wt
362357,2,0,,Ai65(RCFL-tdT)
362357,2,1,,wt
362155,0,0,,Rbp4-Cre_KL100
362155,0,1,,wt
362155,1,0,,Ai14(RCL-tdT)
362155,1,1,,wt
361703,0,0,,Ndnf-IRES2-dgCre
361703,0,1,,wt
361703,1,0,,Ai14(RCL-tdT)
361703,1,1,,wt
360614,0,0,,Tac1-IRES2-Cre
360614,0,1,,wt
360614,1,0,,Sst-IRES-FlpO
360614,1,1,,wt
360614,2,0,,Ai65(RCFL-tdT)
360614,2,1,,wt
362150,0,0,,Gad2-IRES-Cre
362150,0,1,,wt
362150,1,0,,Ai14(RCL-tdT)
362150,1,1,,wt
362805,0,0,,Chrna2-Cre_OE25
362805,0,1,,wt
362805,1,0,,Ai14(RCL-tdT)
362805,1,1,,wt
360542,0,0,,Vipr2-IRES2-Cre
360542,0,1,,wt
360542,1,0,,Ai14(RCL-tdT)
360542,1,1,,wt
362809,0,0,,Chrna2-Cre_OE25
362809,0,1,,wt
362809,1,0,,Ai14(RCL-tdT)
362809,1,1,,wt
359786,0,0,,Vipr2-IRES2-Cre
359786,0,1,,wt
359786,1,0,,Ai14(RCL-tdT)
359786,1,1,,wt
362149,0,0,,Gad2-IRES-Cre
362149,0,1,,wt
362149,1,0,,Ai14(RCL-tdT)
362149,1,1,,wt
362810,0,0,,Chrna2-Cre_OE25
362810,0,1,,wt
362810,1,0,,Ai14(RCL-tdT)
362810,1,1,,wt
362878,0,0,,Cux2-CreERT2
362878,0,1,,wt
362878,1,0,,Ai14(RCL-tdT)
362878,1,1,,wt
362995,0,0,,Chrna2-Cre_OE25
362995,0,1,,wt
362995,1,0,,Ai14(RCL-tdT)
362995,1,1,,wt
362883,0,0,,Cux2-CreERT2
362883,0,1,,wt
362883,1,0,,Ai14(RCL-tdT)
362883,1,1,,wt
359788,0,0,,Vipr2-IRES2-Cre
359788,0,1,,wt
359788,1,0,,Ai14(RCL-tdT)
359788,1,1,,wt
363968,0,0,,Ndnf-IRES2-dgCre
363968,0,1,,wt
363968,1,0,,Ai14(RCL-tdT)
363968,1,1,,wt
362806,0,0,,Chrna2-Cre_OE25
362806,0,1,,wt
362806,1,0,,Ai14(RCL-tdT)
362806,1,1,,wt
361253,0,0,,Htr3a-Cre_NO152
361253,0,1,,wt
361253,1,0,,Ai14(RCL-tdT)
361253,1,1,,wt
363973,0,0,,Ndnf-IRES2-dgCre
363973,0,1,,wt
363973,1,0,,Ai14(RCL-tdT)
363973,1,1,,wt
363961,0,0,,Pdyn-T2A-CreERT2
363961,0,1,,wt
363961,1,0,,Ai14(RCL-tdT)
363961,1,1,,wt
363949,0,0,,Slc32a1-IRES2-FlpO
363949,0,1,,wt
363949,1,0,,Ai65F
363949,1,1,,wt
363967,0,0,,Ndnf-IRES2-dgCre
363967,0,1,,wt
363967,1,0,,Ai14(RCL-tdT)
363967,1,1,,wt
361815,0,0,,Ntsr1-Cre_GN220
361815,0,1,,wt
361815,1,0,,Ai14(RCL-tdT)
361815,1,1,,wt
363957,0,0,,Pdyn-T2A-CreERT2
363957,0,1,,wt
363957,1,0,,Ai14(RCL-tdT)
363957,1,1,,wt
363969,0,0,,Ndnf-IRES2-dgCre
363969,0,1,,wt
363969,1,0,,Ai14(RCL-tdT)
363969,1,1,,wt
363788,0,0,,Slc17a8-IRES2-Cre
363788,0,1,,wt
363788,1,0,,Slc32a1-IRES2-FlpO
363788,1,1,,wt
363788,2,0,,Ai65(RCFL-tdT)
363788,2,1,,wt
363946,0,0,,Slc32a1-IRES2-FlpO
363946,0,1,,wt
363946,1,0,,Ai65F
363946,1,1,,wt
363633,0,0,,Vip-IRES-Cre
363633,0,1,,wt
363633,1,0,,Ai14(RCL-tdT)
363633,1,1,,wt
364559,0,0,,Slc32a1-IRES-Cre
364559,0,1,,wt
364559,1,0,,Ai14(RCL-tdT)
364559,1,1,,wt
364379,0,0,,Chat-IRES-Cre-neo
364379,0,1,,wt
364379,1,0,,Ai14(RCL-tdT)
364379,1,1,,wt
364380,0,0,,Chat-IRES-Cre-neo
364380,0,1,,wt
364380,1,0,,Ai14(RCL-tdT)
364380,1,1,,wt
364558,0,0,,Slc32a1-IRES-Cre
364558,0,1,,wt
364558,1,0,,Ai14(RCL-tdT)
364558,1,1,,wt
364381,0,0,,Chat-IRES-Cre-neo
364381,0,1,,wt
364381,1,0,,Ai14(RCL-tdT)
364381,1,1,,wt
366659,0,0,,Pdyn-T2A-CreERT2
366659,0,1,,wt
366659,1,0,,Ai14(RCL-tdT)
366659,1,1,,wt
365769,0,0,,Chat-IRES-Cre-neo
365769,0,1,,wt
365769,1,0,,Ai14(RCL-tdT)
365769,1,1,,wt
366660,0,0,,Pdyn-T2A-CreERT2
366660,0,1,,wt
366660,1,0,,Ai14(RCL-tdT)
366660,1,1,,wt
366183,0,0,,Calb2-IRES-Cre
366183,0,1,,wt
366183,1,0,,Sst-IRES-FlpO
366183,1,1,,wt
366183,2,0,,Ai65(RCFL-tdT)
366183,2,1,,wt
366034,0,0,,Crh-IRES-Cre_ZJH
366034,0,1,,wt
366034,1,0,,Sst-IRES-FlpO
366034,1,1,,wt
366034,2,0,,Ai65(RCFL-tdT)
366034,2,1,,wt
367206,0,0,,Nos1-CreERT2
367206,0,1,,wt
367206,1,0,,Ai14(RCL-tdT)
367206,1,1,,wt
367940,0,0,,Vipr2-IRES2-Cre
367940,0,1,,wt
367940,1,0,,Pvalb-T2A-FlpO
367940,1,1,,wt
367940,2,0,,Ai65(RCFL-tdT)
367940,2,1,,wt
367169,0,0,,Chrna2-Cre_OE25
367169,0,1,,wt
367169,1,0,,Ai14(RCL-tdT)
367169,1,1,,wt
367630,0,0,,Chat-IRES-Cre-neo
367630,0,1,,wt
367630,1,0,,Ai14(RCL-tdT)
367630,1,1,,wt
367631,0,0,,Chat-IRES-Cre-neo
367631,0,1,,wt
367631,1,0,,Ai14(RCL-tdT)
367631,1,1,,wt
367714,0,0,,Vipr2-IRES2-Cre
367714,0,1,,wt
367714,1,0,,Slc32a1-T2A-FlpO
367714,1,1,,wt
367714,2,0,,Ai65(RCFL-tdT)
367714,2,1,,wt
366688,0,0,,Vip-IRES-Cre
366688,0,1,,wt
366688,1,0,,Ai14(RCL-tdT)
366688,1,1,,wt
367956,0,0,,Pdyn-T2A-CreERT2
367956,0,1,,wt
367956,1,0,,Ai14(RCL-tdT)
367956,1,1,,wt
367205,0,0,,Nos1-CreERT2
367205,0,1,,wt
367205,1,0,,Ai14(RCL-tdT)
367205,1,1,,wt
366689,0,0,,Vip-IRES-Cre
366689,0,1,,wt
366689,1,0,,Ai14(RCL-tdT)
366689,1,1,,wt
367171,0,0,,Chrna2-Cre_OE25
367171,0,1,,wt
367171,1,0,,Ai14(RCL-tdT)
367171,1,1,,wt
368792,0,0,,Vipr2-IRES2-Cre
368792,0,1,,wt
368792,1,0,,Slc32a1-T2A-FlpO
368792,1,1,,wt
368792,2,0,,Ai65(RCFL-tdT)
368792,2,1,,wt
367632,0,0,,Chat-IRES-Cre-neo
367632,0,1,,wt
367632,1,0,,Ai14(RCL-tdT)
367632,1,1,,wt
367633,0,0,,Chat-IRES-Cre-neo
367633,0,1,,wt
367633,1,0,,Ai14(RCL-tdT)
367633,1,1,,wt
367172,0,0,,Chrna2-Cre_OE25
367172,0,1,,wt
367172,1,0,,Ai14(RCL-tdT)
367172,1,1,,wt
367208,0,0,,Nos1-CreERT2
367208,0,1,,wt
367208,1,0,,Ai14(RCL-tdT)
367208,1,1,,wt
368658,0,0,,Htr3a-Cre_NO152
368658,0,1,,wt
368658,1,0,,Ai14(RCL-tdT)
368658,1,1,,wt
368770,0,0,,Sst-IRES-Cre
368770,0,1,,wt
368770,1,0,,Ai14(RCL-tdT)
368770,1,1,,wt
368659,0,0,,Htr3a-Cre_NO152
368659,0,1,,wt
368659,1,0,,Ai14(RCL-tdT)
368659,1,1,,wt
368553,0,0,,Vip-IRES-Cre
368553,0,1,,wt
368553,1,0,,Ai14(RCL-tdT)
368553,1,1,,wt
368771,0,0,,Sst-IRES-Cre
368771,0,1,,wt
368771,1,0,,Ai14(RCL-tdT)
368771,1,1,,wt
368852,0,0,,Ndnf-IRES2-dgCre
368852,0,1,,wt
368852,1,0,,Ai14(RCL-tdT)
368852,1,1,,wt
368853,0,0,,Ndnf-IRES2-dgCre
368853,0,1,,wt
368853,1,0,,Ai14(RCL-tdT)
368853,1,1,,wt
370041,0,0,,Sst-IRES-Cre
370041,0,1,,wt
370041,1,0,,Ai14(RCL-tdT)
370041,1,1,,wt
367634,0,0,,Chat-IRES-Cre-neo
367634,0,1,,wt
367634,1,0,,Ai14(RCL-tdT)
367634,1,1,,wt
368545,0,0,,Sst-IRES-Cre
368545,0,1,,wt
368545,1,0,,Ai14(RCL-tdT)
368545,1,1,,wt
363501,0,0,,Th-Cre_FI172
363501,0,1,,wt
363501,1,0,,Ai14(RCL-tdT)
363501,1,1,,wt
365757,0,0,,Slc17a8-IRES2-Cre
365757,0,1,,wt
365757,1,0,,Slc32a1-IRES2-FlpO
365757,1,1,,wt
365757,2,0,,Ai65(RCFL-tdT)
365757,2,1,,wt
368860,0,0,,Htr3a-Cre_NO152
368860,0,1,,wt
368860,1,0,,Ai14(RCL-tdT)
368860,1,1,,wt
370362,0,0,,Tac1-IRES2-Cre
370362,0,1,,wt
370362,1,0,,Sst-IRES-FlpO
370362,1,1,,wt
370362,2,0,,Ai65(RCFL-tdT)
370362,2,1,,wt
368549,0,0,,Sst-IRES-Cre
368549,0,1,,wt
368549,1,0,,Ai14(RCL-tdT)
368549,1,1,,wt
368761,0,0,,Ndnf-IRES2-dgCre
368761,0,1,,wt
368761,1,0,,Slc32a1-IRES2-FlpO
368761,1,1,,wt
368761,2,0,,Ai65(RCFL-tdT)
368761,2,1,,wt
368861,0,0,,Htr3a-Cre_NO152
368861,0,1,,wt
368861,1,0,,Ai14(RCL-tdT)
368861,1,1,,wt
370735,0,0,,Vip-IRES-Cre
370735,0,1,,wt
370735,1,0,,Ai14(RCL-tdT)
370735,1,1,,wt
370680,0,0,,Oxtr-T2A-Cre
370680,0,1,,wt
370680,1,0,,Pvalb-T2A-FlpO
370680,1,1,,wt
370680,2,0,,Ai65(RCFL-tdT)
370680,2,1,,wt
368862,0,0,,Htr3a-Cre_NO152
368862,0,1,,wt
368862,1,0,,Ai14(RCL-tdT)
368862,1,1,,wt
370501,0,0,,Pvalb-IRES-Cre
370501,0,1,,wt
370501,1,0,,Ai14(RCL-tdT)
370501,1,1,,wt
368863,0,0,,Htr3a-Cre_NO152
368863,0,1,,wt
368863,1,0,,Ai14(RCL-tdT)
368863,1,1,,wt
370683,0,0,,Oxtr-T2A-Cre
370683,0,1,,wt
370683,1,0,,Pvalb-T2A-FlpO
370683,1,1,,wt
370683,2,0,,Ai65(RCFL-tdT)
370683,2,1,,wt
368864,0,0,,Htr3a-Cre_NO152
368864,0,1,,wt
368864,1,0,,Ai14(RCL-tdT)
368864,1,1,,wt
370361,0,0,,Tac1-IRES2-Cre
370361,0,1,,wt
370361,1,0,,Sst-IRES-FlpO
370361,1,1,,wt
370361,2,0,,Ai65(RCFL-tdT)
370361,2,1,,wt
370739,0,0,,Vip-IRES-Cre
370739,0,1,,wt
370739,1,0,,Ai14(RCL-tdT)
370739,1,1,,wt
368865,0,0,,Htr3a-Cre_NO152
368865,0,1,,wt
368865,1,0,,Ai14(RCL-tdT)
368865,1,1,,wt
370736,0,0,,Vip-IRES-Cre
370736,0,1,,wt
370736,1,0,,Ai14(RCL-tdT)
370736,1,1,,wt
372260,0,0,,Nos1-CreERT2
372260,0,1,,wt
372260,1,0,,Sst-IRES-FlpO
372260,1,1,,wt
372260,2,0,,Ai65(RCFL-tdT)
372260,2,1,,wt
372545,0,0,,Sst-IRES-Cre
372545,0,1,,wt
372545,1,0,,Ai14(RCL-tdT)
372545,1,1,,wt
372433,0,0,,Chat-IRES-Cre-neo
372433,0,1,,wt
372433,1,0,,Ai14(RCL-tdT)
372433,1,1,,wt
372546,0,0,,Sst-IRES-Cre
372546,0,1,,wt
372546,1,0,,Ai14(RCL-tdT)
372546,1,1,,wt
372795,0,0,,Htr3a-Cre_NO152
372795,0,1,,wt
372795,1,0,,Ai14(RCL-tdT)
372795,1,1,,wt
372548,0,0,,Sst-IRES-Cre
372548,0,1,,wt
372548,1,0,,Ai14(RCL-tdT)
372548,1,1,,wt
373524,0,0,,Pdyn-T2A-CreERT2
373524,0,1,,wt
373524,1,0,,Ai14(RCL-tdT)
373524,1,1,,wt
372436,0,0,,Chat-IRES-Cre-neo
372436,0,1,,wt
372436,1,0,,Ai14(RCL-tdT)
372436,1,1,,wt
372437,0,0,,Chat-IRES-Cre-neo
372437,0,1,,wt
372437,1,0,,Ai14(RCL-tdT)
372437,1,1,,wt
372549,0,0,,Sst-IRES-Cre
372549,0,1,,wt
372549,1,0,,Ai14(RCL-tdT)
372549,1,1,,wt
372685,0,0,,Chrna2-Cre_OE25
372685,0,1,,wt
372685,1,0,,Ai14(RCL-tdT)
372685,1,1,,wt
372438,0,0,,Chat-IRES-Cre-neo
372438,0,1,,wt
372438,1,0,,Ai14(RCL-tdT)
372438,1,1,,wt
374736,0,0,,Crh-IRES-Cre_ZJH
374736,0,1,,wt
374736,1,0,,Sst-IRES-FlpO
374736,1,1,,wt
374736,2,0,,Ai65(RCFL-tdT)
374736,2,1,,wt
374838,0,0,,Chat-IRES-Cre-neo
374838,0,1,,wt
374838,1,0,,Ai14(RCL-tdT)
374838,1,1,,wt
373812,0,0,,Vip-IRES-Cre
373812,0,1,,wt
373812,1,0,,Ai14(RCL-tdT)
373812,1,1,,wt
373623,0,0,,Chat-IRES-Cre-neo
373623,0,1,,wt
373623,1,0,,Ai14(RCL-tdT)
373623,1,1,,wt
374738,0,0,,Crh-IRES-Cre_ZJH
374738,0,1,,wt
374738,1,0,,Sst-IRES-FlpO
374738,1,1,,wt
374738,2,0,,Ai65(RCFL-tdT)
374738,2,1,,wt
374839,0,0,,Chat-IRES-Cre-neo
374839,0,1,,wt
374839,1,0,,Ai14(RCL-tdT)
374839,1,1,,wt
374536,0,0,,Oxtr-T2A-Cre
374536,0,1,,wt
374536,1,0,,Ai14(RCL-tdT)
374536,1,1,,wt
374836,0,0,,Chat-IRES-Cre-neo
374836,0,1,,wt
374836,1,0,,Ai14(RCL-tdT)
374836,1,1,,wt
374837,0,0,,Chat-IRES-Cre-neo
374837,0,1,,wt
374837,1,0,,Ai14(RCL-tdT)
374837,1,1,,wt
374537,0,0,,Oxtr-T2A-Cre
374537,0,1,,wt
374537,1,0,,Ai14(RCL-tdT)
374537,1,1,,wt
374840,0,0,,Chat-IRES-Cre-neo
374840,0,1,,wt
374840,1,0,,Ai14(RCL-tdT)
374840,1,1,,wt
373625,0,0,,Chat-IRES-Cre-neo
373625,0,1,,wt
373625,1,0,,Ai14(RCL-tdT)
373625,1,1,,wt
375844,0,0,,Pvalb-IRES-Cre
375844,0,1,,wt
375844,1,0,,Ai14(RCL-tdT)
375844,1,1,,wt
375845,0,0,,Pvalb-IRES-Cre
375845,0,1,,wt
375845,1,0,,Ai14(RCL-tdT)
375845,1,1,,wt
376198,0,0,,Sst-IRES-Cre
376198,0,1,,wt
376198,1,0,,Ai14(RCL-tdT)
376198,1,1,,wt
376066,0,0,,Htr3a-Cre_NO152
376066,0,1,,wt
376066,1,0,,Ai14(RCL-tdT)
376066,1,1,,wt
375847,0,0,,Pvalb-IRES-Cre
375847,0,1,,wt
375847,1,0,,Ai14(RCL-tdT)
375847,1,1,,wt
376201,0,0,,Sst-IRES-Cre
376201,0,1,,wt
376201,1,0,,Ai14(RCL-tdT)
376201,1,1,,wt
376967,0,0,,Pvalb-IRES-Cre
376967,0,1,,wt
376967,1,0,,Ai14(RCL-tdT)
376967,1,1,,wt
376203,0,0,,Sst-IRES-Cre
376203,0,1,,wt
376203,1,0,,Ai14(RCL-tdT)
376203,1,1,,wt
376970,0,0,,Pvalb-IRES-Cre
376970,0,1,,wt
376970,1,0,,Ai14(RCL-tdT)
376970,1,1,,wt
376202,0,0,,Sst-IRES-Cre
376202,0,1,,wt
376202,1,0,,Ai14(RCL-tdT)
376202,1,1,,wt
377309,0,0,,Ndnf-IRES2-dgCre
377309,0,1,,wt
377309,1,0,,Ai14(RCL-tdT)
377309,1,1,,wt
376995,0,0,,Slc17a6-IRES-Cre
376995,0,1,,wt
376995,1,0,,Ai14(RCL-tdT)
376995,1,1,,wt
376204,0,0,,Sst-IRES-Cre
376204,0,1,,wt
376204,1,0,,Ai14(RCL-tdT)
376204,1,1,,wt
377310,0,0,,Ndnf-IRES2-dgCre
377310,0,1,,wt
377310,1,0,,Ai14(RCL-tdT)
377310,1,1,,wt
377313,0,0,,Ndnf-IRES2-dgCre
377313,0,1,,wt
377313,1,0,,Ai14(RCL-tdT)
377313,1,1,,wt
376205,0,0,,Sst-IRES-Cre
376205,0,1,,wt
376205,1,0,,Ai14(RCL-tdT)
376205,1,1,,wt
377316,0,0,,Ndnf-IRES2-dgCre
377316,0,1,,wt
377316,1,0,,Ai14(RCL-tdT)
377316,1,1,,wt
377300,0,0,,Vip-IRES-Cre
377300,0,1,,wt
377300,1,0,,Ai14(RCL-tdT)
377300,1,1,,wt
378475,0,0,,Ndnf-IRES2-dgCre
378475,0,1,,wt
378475,1,0,,Ai14(RCL-tdT)
378475,1,1,,wt
376206,0,0,,Sst-IRES-Cre
376206,0,1,,wt
376206,1,0,,Ai14(RCL-tdT)
376206,1,1,,wt
376837,0,0,,Sst-IRES-Cre
376837,0,1,,wt
376837,1,0,,Ai14(RCL-tdT)
376837,1,1,,wt
378110,0,0,,Ndnf-IRES2-dgCre
378110,0,1,,wt
378110,1,0,,Slc32a1-IRES2-FlpO
378110,1,1,,wt
378110,2,0,,Ai65(RCFL-tdT)
378110,2,1,,wt
377369,0,0,,Nos1-CreERT2
377369,0,1,,wt
377369,1,0,,Sst-IRES-FlpO
377369,1,1,,wt
377369,2,0,,Ai65(RCFL-tdT)
377369,2,1,,wt
378389,0,0,,Pvalb-IRES-Cre
378389,0,1,,wt
378389,1,0,,Ai14(RCL-tdT)
378389,1,1,,wt
378386,0,0,,Pvalb-IRES-Cre
378386,0,1,,wt
378386,1,0,,Ai14(RCL-tdT)
378386,1,1,,wt
377372,0,0,,Nos1-CreERT2
377372,0,1,,wt
377372,1,0,,Sst-IRES-FlpO
377372,1,1,,wt
377372,2,0,,Ai65(RCFL-tdT)
377372,2,1,,wt
378390,0,0,,Pvalb-IRES-Cre
378390,0,1,,wt
378390,1,0,,Ai14(RCL-tdT)
378390,1,1,,wt
378108,0,0,,Ndnf-IRES2-dgCre
378108,0,1,,wt
378108,1,0,,Slc32a1-IRES2-FlpO
378108,1,1,,wt
378108,2,0,,Ai65(RCFL-tdT)
378108,2,1,,wt
378262,0,0,,Crh-IRES-Cre_ZJH
378262,0,1,,wt
378262,1,0,,Sst-IRES-FlpO
378262,1,1,,wt
378262,2,0,,Ai65(RCFL-tdT)
378262,2,1,,wt
377304,0,0,,Vip-IRES-Cre
377304,0,1,,wt
377304,1,0,,Ai14(RCL-tdT)
377304,1,1,,wt
378388,0,0,,Pvalb-IRES-Cre
378388,0,1,,wt
378388,1,0,,Ai14(RCL-tdT)
378388,1,1,,wt
379134,0,0,,Chrna2-Cre_OE25
379134,0,1,,wt
379134,1,0,,Ai14(RCL-tdT)
379134,1,1,,wt
379873,0,0,,Ndnf-IRES2-dgCre
379873,0,1,,wt
379873,1,0,,Ai14(RCL-tdT)
379873,1,1,,wt
379882,0,0,,Npr3-IRES2-Cre
379882,0,1,,wt
379882,1,0,,Sst-IRES-FlpO
379882,1,1,,wt
379882,2,0,,Ai65(RCFL-tdT)
379882,2,1,,wt
379136,0,0,,Chrna2-Cre_OE25
379136,0,1,,wt
379136,1,0,,Ai14(RCL-tdT)
379136,1,1,,wt
379874,0,0,,Ndnf-IRES2-dgCre
379874,0,1,,wt
379874,1,0,,Ai14(RCL-tdT)
379874,1,1,,wt
379844,0,0,,Slc32a1-IRES-Cre
379844,0,1,,wt
379844,1,0,,Ai14(RCL-tdT)
379844,1,1,,wt
379845,0,0,,Slc32a1-IRES-Cre
379845,0,1,,wt
379845,1,0,,Ai14(RCL-tdT)
379845,1,1,,wt
379152,0,0,,Chrna2-Cre_OE25
379152,0,1,,wt
379152,1,0,,Ai14(RCL-tdT)
379152,1,1,,wt
379153,0,0,,Chrna2-Cre_OE25
379153,0,1,,wt
379153,1,0,,Ai14(RCL-tdT)
379153,1,1,,wt
379843,0,0,,Slc32a1-IRES-Cre
379843,0,1,,wt
379843,1,0,,Ai14(RCL-tdT)
379843,1,1,,wt
379866,0,0,,Ndnf-IRES2-dgCre
379866,0,1,,wt
379866,1,0,,Ai14(RCL-tdT)
379866,1,1,,wt
381578,0,0,,Sst-IRES-Cre
381578,0,1,,wt
381578,1,0,,Ai14(RCL-tdT)
381578,1,1,,wt
380351,0,0,,Pvalb-IRES-Cre
380351,0,1,,wt
380351,1,0,,Ai14(RCL-tdT)
380351,1,1,,wt
380156,0,0,,Ndnf-IRES2-dgCre
380156,0,1,,wt
380156,1,0,,Slc32a1-IRES2-FlpO
380156,1,1,,wt
380156,2,0,,Ai65(RCFL-tdT)
380156,2,1,,wt
381042,0,0,,Htr3a-Cre_NO152
381042,0,1,,wt
381042,1,0,,Ai14(RCL-tdT)
381042,1,1,,wt
381580,0,0,,Sst-IRES-Cre
381580,0,1,,wt
381580,1,0,,Ai14(RCL-tdT)
381580,1,1,,wt
380160,0,0,,Ndnf-IRES2-dgCre
380160,0,1,,wt
380160,1,0,,Slc32a1-IRES2-FlpO
380160,1,1,,wt
380160,2,0,,Ai65(RCFL-tdT)
380160,2,1,,wt
381045,0,0,,Htr3a-Cre_NO152
381045,0,1,,wt
381045,1,0,,Ai14(RCL-tdT)
381045,1,1,,wt
380161,0,0,,Ndnf-IRES2-dgCre
380161,0,1,,wt
380161,1,0,,Slc32a1-IRES2-FlpO
380161,1,1,,wt
380161,2,0,,Ai65(RCFL-tdT)
380161,2,1,,wt
381047,0,0,,Htr3a-Cre_NO152
381047,0,1,,wt
381047,1,0,,Ai14(RCL-tdT)
381047,1,1,,wt
381048,0,0,,Htr3a-Cre_NO152
381048,0,1,,wt
381048,1,0,,Ai14(RCL-tdT)
381048,1,1,,wt
379154,0,0,,Chrna2-Cre_OE25
379154,0,1,,wt
379154,1,0,,Ai14(RCL-tdT)
379154,1,1,,wt
381886,0,0,,Vip-IRES-Cre
381886,0,1,,wt
381886,1,0,,Ai14(RCL-tdT)
381886,1,1,,wt
380655,0,0,,Gad2-IRES-Cre
380655,0,1,,wt
380655,1,0,,Ai14(RCL-tdT)
380655,1,1,,wt
381810,0,0,,Ndnf-IRES2-dgCre
381810,0,1,,wt
381810,1,0,,Slc32a1-IRES2-FlpO
381810,1,1,,wt
381810,2,0,,Ai65(RCFL-tdT)
381810,2,1,,wt
381891,0,0,,Vip-IRES-Cre
381891,0,1,,wt
381891,1,0,,Ai14(RCL-tdT)
381891,1,1,,wt
381164,0,0,,Chrna2-Cre_OE25
381164,0,1,,wt
381164,1,0,,Pvalb-T2A-FlpO
381164,1,1,,wt
381164,2,0,,Ai65(RCFL-tdT)
381164,2,1,,wt
382260,0,0,,Vip-IRES-Cre
382260,0,1,,wt
382260,1,0,,Ai14(RCL-tdT)
382260,1,1,,wt
382382,0,0,,Slc17a8-IRES2-Cre
382382,0,1,,wt
382382,1,0,,Ai14(RCL-tdT)
382382,1,1,,wt
382539,0,0,,Sst-IRES-Cre
382539,0,1,,wt
382539,1,0,,Ai14(RCL-tdT)
382539,1,1,,wt
382261,0,0,,Vip-IRES-Cre
382261,0,1,,wt
382261,1,0,,Ai14(RCL-tdT)
382261,1,1,,wt
382502,0,0,,Th-Cre_FI172
382502,0,1,,wt
382502,1,0,,Ai14(RCL-tdT)
382502,1,1,,wt
382542,0,0,,Sst-IRES-Cre
382542,0,1,,wt
382542,1,0,,Ai14(RCL-tdT)
382542,1,1,,wt
382512,0,0,,Slc17a7-IRES2-Cre
382512,0,1,,wt
382512,1,0,,Ai14(RCL-tdT)
382512,1,1,,wt
382262,0,0,,Vip-IRES-Cre
382262,0,1,,wt
382262,1,0,,Ai14(RCL-tdT)
382262,1,1,,wt
382500,0,0,,Th-Cre_FI172
382500,0,1,,wt
382500,1,0,,Ai14(RCL-tdT)
382500,1,1,,wt
382543,0,0,,Sst-IRES-Cre
382543,0,1,,wt
382543,1,0,,Ai14(RCL-tdT)
382543,1,1,,wt
382769,0,0,,Slc32a1-IRES-Cre
382769,0,1,,wt
382769,1,0,,Ai14(RCL-tdT)
382769,1,1,,wt
382501,0,0,,Th-Cre_FI172
382501,0,1,,wt
382501,1,0,,Ai14(RCL-tdT)
382501,1,1,,wt
381889,0,0,,Vip-IRES-Cre
381889,0,1,,wt
381889,1,0,,Ai14(RCL-tdT)
381889,1,1,,wt
382544,0,0,,Sst-IRES-Cre
382544,0,1,,wt
382544,1,0,,Ai14(RCL-tdT)
382544,1,1,,wt
381904,0,0,,Oxtr-T2A-Cre
381904,0,1,,wt
381904,1,0,,Ai14(RCL-tdT)
381904,1,1,,wt
382770,0,0,,Slc32a1-IRES-Cre
382770,0,1,,wt
382770,1,0,,Ai14(RCL-tdT)
382770,1,1,,wt
381812,0,0,,Ndnf-IRES2-dgCre
381812,0,1,,wt
381812,1,0,,Slc32a1-IRES2-FlpO
381812,1,1,,wt
381812,2,0,,Ai65(RCFL-tdT)
381812,2,1,,wt
382695,0,0,,Gad2-IRES-Cre
382695,0,1,,wt
382695,1,0,,Ai14(RCL-tdT)
382695,1,1,,wt
382513,0,0,,Slc17a7-IRES2-Cre
382513,0,1,,wt
382513,1,0,,Ai14(RCL-tdT)
382513,1,1,,wt
383084,0,0,,Vip-IRES-Cre
383084,0,1,,wt
383084,1,0,,Ai14(RCL-tdT)
383084,1,1,,wt
383358,0,0,,Vip-IRES-Cre
383358,0,1,,wt
383358,1,0,,Ai14(RCL-tdT)
383358,1,1,,wt
383626,0,0,,Pvalb-IRES-Cre
383626,0,1,,wt
383626,1,0,,Ai14(RCL-tdT)
383626,1,1,,wt
383085,0,0,,Vip-IRES-Cre
383085,0,1,,wt
383085,1,0,,Ai14(RCL-tdT)
383085,1,1,,wt
384210,0,0,,Slc32a1-IRES-Cre
384210,0,1,,wt
384210,1,0,,Ai14(RCL-tdT)
384210,1,1,,wt
383086,0,0,,Vip-IRES-Cre
383086,0,1,,wt
383086,1,0,,Ai14(RCL-tdT)
383086,1,1,,wt
384211,0,0,,Slc32a1-IRES-Cre
384211,0,1,,wt
384211,1,0,,Ai14(RCL-tdT)
384211,1,1,,wt
383628,0,0,,Pvalb-IRES-Cre
383628,0,1,,wt
383628,1,0,,Ai14(RCL-tdT)
383628,1,1,,wt
383357,0,0,,Vip-IRES-Cre
383357,0,1,,wt
383357,1,0,,Ai14(RCL-tdT)
383357,1,1,,wt
383745,0,0,,Gad2-IRES-Cre
383745,0,1,,wt
383745,1,0,,Ai14(RCL-tdT)
383745,1,1,,wt
383629,0,0,,Pvalb-IRES-Cre
383629,0,1,,wt
383629,1,0,,Ai14(RCL-tdT)
383629,1,1,,wt
385813,0,0,,Sst-IRES-Cre
385813,0,1,,wt
385813,1,0,,Ai14(RCL-tdT)
385813,1,1,,wt
385205,0,0,,Chrna2-Cre_OE25
385205,0,1,,wt
385205,1,0,,Vip-IRES-FlpO
385205,1,1,,wt
385205,2,0,,Ai65(RCFL-tdT)
385205,2,1,,wt
384859,0,0,,Gad2-IRES-Cre
384859,0,1,,wt
384859,1,0,,Ai14(RCL-tdT)
384859,1,1,,wt
385815,0,0,,Sst-IRES-Cre
385815,0,1,,wt
385815,1,0,,Ai14(RCL-tdT)
385815,1,1,,wt
384679,0,0,,Etv1-CreERT2
384679,0,1,,wt
384679,1,0,,Pvalb-T2A-FlpO
384679,1,1,,wt
384679,2,0,,Ai65(RCFL-tdT)
384679,2,1,,wt
384861,0,0,,Gad2-IRES-Cre
384861,0,1,,wt
384861,1,0,,Ai14(RCL-tdT)
384861,1,1,,wt
385817,0,0,,Sst-IRES-Cre
385817,0,1,,wt
385817,1,0,,Ai14(RCL-tdT)
385817,1,1,,wt
384591,0,0,,Ndnf-IRES2-dgCre
384591,0,1,,wt
384591,1,0,,Ai14(RCL-tdT)
384591,1,1,,wt
384990,0,0,,Nkx2-1-CreERT2
384990,0,1,,wt
384990,1,0,,Ai14(RCL-tdT)
384990,1,1,,wt
386474,0,0,,Sst-IRES-Cre
386474,0,1,,wt
386474,1,0,,Ai14(RCL-tdT)
386474,1,1,,wt
385997,0,0,,Th-P2A-FlpO
385997,0,1,,wt
385997,1,0,,Ai65F
385997,1,1,,wt
385740,0,0,,Ndnf-IRES2-dgCre
385740,0,1,,wt
385740,1,0,,Slc32a1-IRES2-FlpO
385740,1,1,,wt
385740,2,0,,Ai65(RCFL-tdT)
385740,2,1,,wt
384390,0,0,,Pvalb-IRES-Cre
384390,0,1,,wt
384390,1,0,,Ai14(RCL-tdT)
384390,1,1,,wt
386476,0,0,,Sst-IRES-Cre
386476,0,1,,wt
386476,1,0,,Ai14(RCL-tdT)
386476,1,1,,wt
386167,0,0,,Nos1-CreERT2
386167,0,1,,wt
386167,1,0,,Ai14(RCL-tdT)
386167,1,1,,wt
385998,0,0,,Th-P2A-FlpO
385998,0,1,,wt
385998,1,0,,Ai65F
385998,1,1,,wt
385743,0,0,,Ndnf-IRES2-dgCre
385743,0,1,,wt
385743,1,0,,Slc32a1-IRES2-FlpO
385743,1,1,,wt
385743,2,0,,Ai65(RCFL-tdT)
385743,2,1,,wt
386478,0,0,,Sst-IRES-Cre
386478,0,1,,wt
386478,1,0,,Ai14(RCL-tdT)
386478,1,1,,wt
384391,0,0,,Pvalb-IRES-Cre
384391,0,1,,wt
384391,1,0,,Ai14(RCL-tdT)
384391,1,1,,wt
385999,0,0,,Th-P2A-FlpO
385999,0,1,,wt
385999,1,0,,Ai65F
385999,1,1,,wt
386169,0,0,,Nos1-CreERT2
386169,0,1,,wt
386169,1,0,,Ai14(RCL-tdT)
386169,1,1,,wt
386651,0,0,,Chat-IRES-Cre-neo
386651,0,1,,wt
386651,1,0,,Ai14(RCL-tdT)
386651,1,1,,wt
386058,0,0,,Gad2-IRES-Cre
386058,0,1,,wt
386058,1,0,,Ai14(RCL-tdT)
386058,1,1,,wt
387577,0,0,,Sst-IRES-Cre
387577,0,1,,wt
387577,1,0,,Ai14(RCL-tdT)
387577,1,1,,wt
387145,0,0,,Vip-IRES-Cre
387145,0,1,,wt
387145,1,0,,Ai14(RCL-tdT)
387145,1,1,,wt
387600,0,0,,Vip-IRES-Cre
387600,0,1,,wt
387600,1,0,,Ai14(RCL-tdT)
387600,1,1,,wt
387320,0,0,,Ndnf-IRES2-dgCre
387320,0,1,,wt
387320,1,0,,Slc32a1-IRES2-FlpO
387320,1,1,,wt
387320,2,0,,Ai65(RCFL-tdT)
387320,2,1,,wt
387578,0,0,,Sst-IRES-Cre
387578,0,1,,wt
387578,1,0,,Ai14(RCL-tdT)
387578,1,1,,wt
387146,0,0,,Vip-IRES-Cre
387146,0,1,,wt
387146,1,0,,Ai14(RCL-tdT)
387146,1,1,,wt
388062,0,0,,Pvalb-IRES-Cre
388062,0,1,,wt
388062,1,0,,Ai14(RCL-tdT)
388062,1,1,,wt
387579,0,0,,Sst-IRES-Cre
387579,0,1,,wt
387579,1,0,,Ai14(RCL-tdT)
387579,1,1,,wt
387602,0,0,,Vip-IRES-Cre
387602,0,1,,wt
387602,1,0,,Ai14(RCL-tdT)
387602,1,1,,wt
386824,0,0,,Slc17a6-IRES-Cre
386824,0,1,,wt
386824,1,0,,Ai14(RCL-tdT)
386824,1,1,,wt
387150,0,0,,Vip-IRES-Cre
387150,0,1,,wt
387150,1,0,,Ai14(RCL-tdT)
387150,1,1,,wt
389709,0,0,,Th-P2A-FlpO
389709,0,1,,wt
389709,1,0,,Ai65F
389709,1,1,,wt
389710,0,0,,Th-P2A-FlpO
389710,0,1,,wt
389710,1,0,,Ai65F
389710,1,1,,wt
390084,0,0,,Vip-IRES-Cre
390084,0,1,,wt
390084,1,0,,Ai14(RCL-tdT)
390084,1,1,,wt
388042,0,0,,Vip-IRES-Cre
388042,0,1,,wt
388042,1,0,,Ai14(RCL-tdT)
388042,1,1,,wt
390085,0,0,,Vip-IRES-Cre
390085,0,1,,wt
390085,1,0,,Ai14(RCL-tdT)
390085,1,1,,wt
388544,0,0,,Htr3a-Cre_NO152
388544,0,1,,wt
388544,1,0,,Sst-IRES-FlpO
388544,1,1,,wt
388544,2,0,,Ai65(RCFL-tdT)
388544,2,1,,wt
387691,0,0,,Sst-IRES-Cre
387691,0,1,,wt
387691,1,0,,Ai14(RCL-tdT)
387691,1,1,,wt
388546,0,0,,Htr3a-Cre_NO152
388546,0,1,,wt
388546,1,0,,Sst-IRES-FlpO
388546,1,1,,wt
388546,2,0,,Ai65(RCFL-tdT)
388546,2,1,,wt
390091,0,0,,Vip-IRES-Cre
390091,0,1,,wt
390091,1,0,,Ai14(RCL-tdT)
390091,1,1,,wt
388049,0,0,,Vip-IRES-Cre
388049,0,1,,wt
388049,1,0,,Ai14(RCL-tdT)
388049,1,1,,wt
387401,0,0,,Slc32a1-IRES-Cre
387401,0,1,,wt
387401,1,0,,Ai14(RCL-tdT)
387401,1,1,,wt
389711,0,0,,Th-P2A-FlpO
389711,0,1,,wt
389711,1,0,,Ai65F
389711,1,1,,wt
390755,0,0,,Slc17a8-IRES2-Cre
390755,0,1,,wt
390755,1,0,,Ai14(RCL-tdT)
390755,1,1,,wt
389352,0,0,,Pvalb-IRES-Cre
389352,0,1,,wt
389352,1,0,,Ai14(RCL-tdT)
389352,1,1,,wt
389956,0,0,,Htr3a-Cre_NO152
389956,0,1,,wt
389956,1,0,,Ai14(RCL-tdT)
389956,1,1,,wt
390255,0,0,,Chat-IRES-Cre-neo
390255,0,1,,wt
390255,1,0,,Ai14(RCL-tdT)
390255,1,1,,wt
389210,0,0,,Vipr2-IRES2-Cre
389210,0,1,,wt
389210,1,0,,Slc32a1-T2A-FlpO
389210,1,1,,wt
389210,2,0,,Ai65(RCFL-tdT)
389210,2,1,,wt
389353,0,0,,Pvalb-IRES-Cre
389353,0,1,,wt
389353,1,0,,Ai14(RCL-tdT)
389353,1,1,,wt
387905,0,0,,Slc17a8-iCre
387905,0,1,,wt
387905,1,0,,Ai14(RCL-tdT)
387905,1,1,,wt
389356,0,0,,Pvalb-IRES-Cre
389356,0,1,,wt
389356,1,0,,Ai14(RCL-tdT)
389356,1,1,,wt
390749,0,0,,Vipr2-IRES2-Cre
390749,0,1,,wt
390749,1,0,,Pvalb-T2A-FlpO
390749,1,1,,wt
390749,2,0,,Ai65(RCFL-tdT)
390749,2,1,,wt
390757,0,0,,Slc17a8-IRES2-Cre
390757,0,1,,wt
390757,1,0,,Ai14(RCL-tdT)
390757,1,1,,wt
389359,0,0,,Pvalb-IRES-Cre
389359,0,1,,wt
389359,1,0,,Ai14(RCL-tdT)
389359,1,1,,wt
390758,0,0,,Slc17a8-IRES2-Cre
390758,0,1,,wt
390758,1,0,,Ai14(RCL-tdT)
390758,1,1,,wt
391341,0,0,,Sst-IRES-Cre
391341,0,1,,wt
391341,1,0,,Ai14(RCL-tdT)
391341,1,1,,wt
391467,0,0,,Ndnf-IRES2-dgCre
391467,0,1,,wt
391467,1,0,,Slc32a1-IRES2-FlpO
391467,1,1,,wt
391467,2,0,,Ai65(RCFL-tdT)
391467,2,1,,wt
390928,0,0,,Vip-IRES-Cre
390928,0,1,,wt
390928,1,0,,Ai14(RCL-tdT)
390928,1,1,,wt
391571,0,0,,Nos1-CreERT2
391571,0,1,,wt
391571,1,0,,Sst-IRES-FlpO
391571,1,1,,wt
391571,2,0,,Ai65(RCFL-tdT)
391571,2,1,,wt
391572,0,0,,Nos1-CreERT2
391572,0,1,,wt
391572,1,0,,Sst-IRES-FlpO
391572,1,1,,wt
391572,2,0,,Ai65(RCFL-tdT)
391572,2,1,,wt
390760,0,0,,Slc17a8-IRES2-Cre
390760,0,1,,wt
390760,1,0,,Ai14(RCL-tdT)
390760,1,1,,wt
390981,0,0,,Htr3a-Cre_NO152
390981,0,1,,wt
390981,1,0,,Ai14(RCL-tdT)
390981,1,1,,wt
391574,0,0,,Nos1-CreERT2
391574,0,1,,wt
391574,1,0,,Sst-IRES-FlpO
391574,1,1,,wt
391574,2,0,,Ai65(RCFL-tdT)
391574,2,1,,wt
390983,0,0,,Htr3a-Cre_NO152
390983,0,1,,wt
390983,1,0,,Ai14(RCL-tdT)
390983,1,1,,wt
391339,0,0,,Sst-IRES-Cre
391339,0,1,,wt
391339,1,0,,Ai14(RCL-tdT)
391339,1,1,,wt
392696,0,0,,Sst-IRES-Cre
392696,0,1,,wt
392696,1,0,,Ai14(RCL-tdT)
392696,1,1,,wt
391834,0,0,,Th-P2A-FlpO
391834,0,1,,wt
391834,1,0,,Ai65F
391834,1,1,,wt
392332,0,0,,Vip-IRES-Cre
392332,0,1,,wt
392332,1,0,,Ai14(RCL-tdT)
392332,1,1,,wt
392697,0,0,,Sst-IRES-Cre
392697,0,1,,wt
392697,1,0,,Ai14(RCL-tdT)
392697,1,1,,wt
392698,0,0,,Sst-IRES-Cre
392698,0,1,,wt
392698,1,0,,Ai14(RCL-tdT)
392698,1,1,,wt
391836,0,0,,Th-P2A-FlpO
391836,0,1,,wt
391836,1,0,,Ai65F
391836,1,1,,wt
392699,0,0,,Sst-IRES-Cre
392699,0,1,,wt
392699,1,0,,Ai14(RCL-tdT)
392699,1,1,,wt
391840,0,0,,Th-P2A-FlpO
391840,0,1,,wt
391840,1,0,,Ai65F
391840,1,1,,wt
391678,0,0,,Vip-IRES-Cre
391678,0,1,,wt
391678,1,0,,Npy-IRES2-FlpO
391678,1,1,,wt
391678,2,0,,Ai65(RCFL-tdT)
391678,2,1,,wt
392333,0,0,,Vip-IRES-Cre
392333,0,1,,wt
392333,1,0,,Ai14(RCL-tdT)
392333,1,1,,wt
392700,0,0,,Sst-IRES-Cre
392700,0,1,,wt
392700,1,0,,Ai14(RCL-tdT)
392700,1,1,,wt
391841,0,0,,Th-P2A-FlpO
391841,0,1,,wt
391841,1,0,,Ai65F
391841,1,1,,wt
392608,0,0,,Vipr2-IRES2-Cre
392608,0,1,,wt
392608,1,0,,Slc32a1-T2A-FlpO
392608,1,1,,wt
392608,2,0,,Ai65(RCFL-tdT)
392608,2,1,,wt
392701,0,0,,Sst-IRES-Cre
392701,0,1,,wt
392701,1,0,,Ai14(RCL-tdT)
392701,1,1,,wt
392703,0,0,,Sst-IRES-Cre
392703,0,1,,wt
392703,1,0,,Ai14(RCL-tdT)
392703,1,1,,wt
394299,0,0,,Sst-IRES-Cre
394299,0,1,,wt
394299,1,0,,Ai14(RCL-tdT)
394299,1,1,,wt
393738,0,0,,Chrna2-Cre_OE25
393738,0,1,,wt
393738,1,0,,Vip-IRES-FlpO
393738,1,1,,wt
393738,2,0,,Ai65(RCFL-tdT)
393738,2,1,,wt
393685,0,0,,Gad2-IRES-Cre
393685,0,1,,wt
393685,1,0,,Ai14(RCL-tdT)
393685,1,1,,wt
394301,0,0,,Sst-IRES-Cre
394301,0,1,,wt
394301,1,0,,Ai14(RCL-tdT)
394301,1,1,,wt
392647,0,0,,Ndnf-IRES2-dgCre
392647,0,1,,wt
392647,1,0,,Ai14(RCL-tdT)
392647,1,1,,wt
394303,0,0,,Sst-IRES-Cre
394303,0,1,,wt
394303,1,0,,Ai14(RCL-tdT)
394303,1,1,,wt
393920,0,0,,Slc32a1-IRES-Cre
393920,0,1,,wt
393920,1,0,,Ai14(RCL-tdT)
393920,1,1,,wt
394566,0,0,,Gad67-GFP_X94
394566,0,1,,wt
393686,0,0,,Gad2-IRES-Cre
393686,0,1,,wt
393686,1,0,,Ai14(RCL-tdT)
393686,1,1,,wt
394428,0,0,,Crh-IRES-Cre_ZJH
394428,0,1,,wt
394428,1,0,,Sst-IRES-FlpO
394428,1,1,,wt
394428,2,0,,Ai65(RCFL-tdT)
394428,2,1,,wt
393687,0,0,,Gad2-IRES-Cre
393687,0,1,,wt
393687,1,0,,Ai14(RCL-tdT)
393687,1,1,,wt
394569,0,0,,Gad67-GFP_X94
394569,0,1,,wt
393922,0,0,,Slc32a1-IRES-Cre
393922,0,1,,wt
393922,1,0,,Ai14(RCL-tdT)
393922,1,1,,wt
394486,0,0,,Chat-IRES-Cre-neo
394486,0,1,,wt
394486,1,0,,Ai14(RCL-tdT)
394486,1,1,,wt
393692,0,0,,Gad2-IRES-Cre
393692,0,1,,wt
393692,1,0,,Ai14(RCL-tdT)
393692,1,1,,wt
394570,0,0,,Gad67-GFP_X94
394570,0,1,,wt
395303,0,0,,Vip-IRES-Cre
395303,0,1,,wt
395303,1,0,,Npy-IRES2-FlpO
395303,1,1,,wt
395303,2,0,,Ai65(RCFL-tdT)
395303,2,1,,wt
393923,0,0,,Slc32a1-IRES-Cre
393923,0,1,,wt
393923,1,0,,Ai14(RCL-tdT)
393923,1,1,,wt
395420,0,0,,Vip-IRES-Cre
395420,0,1,,wt
395420,1,0,,Ai14(RCL-tdT)
395420,1,1,,wt
395306,0,0,,Vip-IRES-Cre
395306,0,1,,wt
395306,1,0,,Npy-IRES2-FlpO
395306,1,1,,wt
395306,2,0,,Ai65(RCFL-tdT)
395306,2,1,,wt
393924,0,0,,Slc32a1-IRES-Cre
393924,0,1,,wt
393924,1,0,,Ai14(RCL-tdT)
393924,1,1,,wt
395954,0,0,,Sst-IRES-Cre
395954,0,1,,wt
395954,1,0,,Ai14(RCL-tdT)
395954,1,1,,wt
395724,0,0,,Sst-IRES-Cre
395724,0,1,,wt
395724,1,0,,Ai14(RCL-tdT)
395724,1,1,,wt
395721,0,0,,Sst-IRES-Cre
395721,0,1,,wt
395721,1,0,,Ai14(RCL-tdT)
395721,1,1,,wt
396257,0,0,,Pvalb-T2A-CreERT2
396257,0,1,,wt
396257,1,0,,Ai14(RCL-tdT)
396257,1,1,,wt
396817,0,0,,Nos1-CreERT2
396817,0,1,,wt
396817,1,0,,Ai14(RCL-tdT)
396817,1,1,,wt
396625,0,0,,Ndnf-IRES2-dgCre
396625,0,1,,wt
396625,1,0,,Ai14(RCL-tdT)
396625,1,1,,wt
395722,0,0,,Sst-IRES-Cre
395722,0,1,,wt
395722,1,0,,Ai14(RCL-tdT)
395722,1,1,,wt
396260,0,0,,Pvalb-T2A-CreERT2
396260,0,1,,wt
396260,1,0,,Ai14(RCL-tdT)
396260,1,1,,wt
396798,0,0,,Pvalb-IRES-Cre
396798,0,1,,wt
396798,1,0,,Th-P2A-FlpO
396798,1,1,,wt
396798,2,0,,Ai65(RCFL-tdT)
396798,2,1,,wt
395797,0,0,,Slc17a8-iCre
395797,0,1,,wt
395797,1,0,,Ai14(RCL-tdT)
395797,1,1,,wt
395723,0,0,,Sst-IRES-Cre
395723,0,1,,wt
395723,1,0,,Ai14(RCL-tdT)
395723,1,1,,wt
396735,0,0,,Htr3a-Cre_NO152
396735,0,1,,wt
396735,1,0,,Sst-IRES-FlpO
396735,1,1,,wt
396735,2,0,,Ai65(RCFL-tdT)
396735,2,1,,wt
398012,0,0,,Vip-IRES-Cre
398012,0,1,,wt
398012,1,0,,Ai14(RCL-tdT)
398012,1,1,,wt
397195,0,0,,Th-P2A-FlpO
397195,0,1,,wt
397195,1,0,,Ai65F
397195,1,1,,wt
396261,0,0,,Pvalb-T2A-CreERT2
396261,0,1,,wt
396261,1,0,,Ai14(RCL-tdT)
396261,1,1,,wt
398210,0,0,,Htr3a-Cre_NO152
398210,0,1,,wt
398210,1,0,,Pvalb-T2A-FlpO
398210,1,1,,wt
398210,2,0,,Ai65(RCFL-tdT)
398210,2,1,,wt
398013,0,0,,Vip-IRES-Cre
398013,0,1,,wt
398013,1,0,,Ai14(RCL-tdT)
398013,1,1,,wt
397196,0,0,,Th-P2A-FlpO
397196,0,1,,wt
397196,1,0,,Ai65F
397196,1,1,,wt
396262,0,0,,Pvalb-T2A-CreERT2
396262,0,1,,wt
396262,1,0,,Ai14(RCL-tdT)
396262,1,1,,wt
397651,0,0,,Htr3a-Cre_NO152
397651,0,1,,wt
397651,1,0,,Ai14(RCL-tdT)
397651,1,1,,wt
397999,0,0,,Vip-IRES-Cre
397999,0,1,,wt
397999,1,0,,Ai14(RCL-tdT)
397999,1,1,,wt
397198,0,0,,Th-P2A-FlpO
397198,0,1,,wt
397198,1,0,,Ai65F
397198,1,1,,wt
398004,0,0,,Vip-IRES-Cre
398004,0,1,,wt
398004,1,0,,Ai14(RCL-tdT)
398004,1,1,,wt
398005,0,0,,Vip-IRES-Cre
398005,0,1,,wt
398005,1,0,,Ai14(RCL-tdT)
398005,1,1,,wt
397199,0,0,,Th-P2A-FlpO
397199,0,1,,wt
397199,1,0,,Ai65F
397199,1,1,,wt
397653,0,0,,Htr3a-Cre_NO152
397653,0,1,,wt
397653,1,0,,Ai14(RCL-tdT)
397653,1,1,,wt
398635,0,0,,Vip-IRES-Cre
398635,0,1,,wt
398635,1,0,,Ai14(RCL-tdT)
398635,1,1,,wt
398605,0,0,,Vip-IRES-Cre
398605,0,1,,wt
398605,1,0,,Npy-IRES2-FlpO
398605,1,1,,wt
398605,2,0,,Ai65(RCFL-tdT)
398605,2,1,,wt
397654,0,0,,Htr3a-Cre_NO152
397654,0,1,,wt
397654,1,0,,Ai14(RCL-tdT)
397654,1,1,,wt
398636,0,0,,Vip-IRES-Cre
398636,0,1,,wt
398636,1,0,,Ai14(RCL-tdT)
398636,1,1,,wt
397655,0,0,,Htr3a-Cre_NO152
397655,0,1,,wt
397655,1,0,,Ai14(RCL-tdT)
397655,1,1,,wt
399697,0,0,,Gad2-IRES-Cre
399697,0,1,,wt
399697,1,0,,Ai14(RCL-tdT)
399697,1,1,,wt
399114,0,0,,Slc17a7-IRES2-Cre
399114,0,1,,wt
399114,1,0,,Ai14(RCL-tdT)
399114,1,1,,wt
398664,0,0,,Calb2-IRES-Cre
398664,0,1,,wt
398664,1,0,,Sst-IRES-FlpO
398664,1,1,,wt
398664,2,0,,Ai65(RCFL-tdT)
398664,2,1,,wt
399698,0,0,,Gad2-IRES-Cre
399698,0,1,,wt
399698,1,0,,Ai14(RCL-tdT)
399698,1,1,,wt
400563,0,0,,Pvalb-IRES-Cre
400563,0,1,,wt
400563,1,0,,Ai14(RCL-tdT)
400563,1,1,,wt
400679,0,0,,Sst-IRES-Cre
400679,0,1,,wt
400679,1,0,,Ai14(RCL-tdT)
400679,1,1,,wt
400685,0,0,,Sst-IRES-Cre
400685,0,1,,wt
400685,1,0,,Ai14(RCL-tdT)
400685,1,1,,wt
400565,0,0,,Pvalb-IRES-Cre
400565,0,1,,wt
400565,1,0,,Ai14(RCL-tdT)
400565,1,1,,wt
400683,0,0,,Sst-IRES-Cre
400683,0,1,,wt
400683,1,0,,Ai14(RCL-tdT)
400683,1,1,,wt
400687,0,0,,Sst-IRES-Cre
400687,0,1,,wt
400687,1,0,,Ai14(RCL-tdT)
400687,1,1,,wt
400569,0,0,,Pvalb-IRES-Cre
400569,0,1,,wt
400569,1,0,,Ai14(RCL-tdT)
400569,1,1,,wt
400688,0,0,,Sst-IRES-Cre
400688,0,1,,wt
400688,1,0,,Ai14(RCL-tdT)
400688,1,1,,wt
399825,0,0,,Ndnf-IRES2-dgCre
399825,0,1,,wt
399825,1,0,,Slc32a1-IRES2-FlpO
399825,1,1,,wt
399825,2,0,,Ai65(RCFL-tdT)
399825,2,1,,wt
400570,0,0,,Pvalb-IRES-Cre
400570,0,1,,wt
400570,1,0,,Ai14(RCL-tdT)
400570,1,1,,wt
402271,0,0,,Sst-IRES-Cre
402271,0,1,,wt
402271,1,0,,Ai14(RCL-tdT)
402271,1,1,,wt
400429,0,0,,Vipr2-IRES2-Cre
400429,0,1,,wt
400429,1,0,,Pvalb-T2A-FlpO
400429,1,1,,wt
400429,2,0,,Ai65(RCFL-tdT)
400429,2,1,,wt
401243,0,0,,Npr3-IRES2-Cre
401243,0,1,,wt
401243,1,0,,Sst-IRES-FlpO
401243,1,1,,wt
401243,2,0,,Ai65(RCFL-tdT)
401243,2,1,,wt
401609,0,0,,Chrna2-Cre_OE25
401609,0,1,,wt
401609,1,0,,Pvalb-T2A-FlpO
401609,1,1,,wt
401609,2,0,,Ai65(RCFL-tdT)
401609,2,1,,wt
401559,0,0,,Pvalb-IRES-Cre
401559,0,1,,wt
401559,1,0,,Ai14(RCL-tdT)
401559,1,1,,wt
402241,0,0,,Pvalb-IRES-Cre
402241,0,1,,wt
402241,1,0,,Ai14(RCL-tdT)
402241,1,1,,wt
402666,0,0,,Sst-IRES-Cre
402666,0,1,,wt
402666,1,0,,Ai14(RCL-tdT)
402666,1,1,,wt
400485,0,0,,Pvalb-T2A-CreERT2
400485,0,1,,wt
400485,1,0,,Ai14(RCL-tdT)
400485,1,1,,wt
401561,0,0,,Pvalb-IRES-Cre
401561,0,1,,wt
401561,1,0,,Ai14(RCL-tdT)
401561,1,1,,wt
402245,0,0,,Pvalb-IRES-Cre
402245,0,1,,wt
402245,1,0,,Ai14(RCL-tdT)
402245,1,1,,wt
402667,0,0,,Sst-IRES-Cre
402667,0,1,,wt
402667,1,0,,Ai14(RCL-tdT)
402667,1,1,,wt
402247,0,0,,Pvalb-IRES-Cre
402247,0,1,,wt
402247,1,0,,Ai14(RCL-tdT)
402247,1,1,,wt
403529,0,0,,Vip-IRES-Cre
403529,0,1,,wt
403529,1,0,,Npy-IRES2-FlpO
403529,1,1,,wt
403529,2,0,,Ai65(RCFL-tdT)
403529,2,1,,wt
402243,0,0,,Pvalb-IRES-Cre
402243,0,1,,wt
402243,1,0,,Ai14(RCL-tdT)
402243,1,1,,wt
402909,0,0,,Npr3-IRES2-Cre
402909,0,1,,wt
402909,1,0,,Sst-IRES-FlpO
402909,1,1,,wt
402909,2,0,,Ai65(RCFL-tdT)
402909,2,1,,wt
403931,0,0,,Vip-IRES-Cre
403931,0,1,,wt
403931,1,0,,Ai14(RCL-tdT)
403931,1,1,,wt
403532,0,0,,Vip-IRES-Cre
403532,0,1,,wt
403532,1,0,,Npy-IRES2-FlpO
403532,1,1,,wt
403532,2,0,,Ai65(RCFL-tdT)
403532,2,1,,wt
402758,0,0,,Chrna2-Cre_OE25
402758,0,1,,wt
402758,1,0,,Sst-IRES-FlpO
402758,1,1,,wt
402758,2,0,,Ai65(RCFL-tdT)
402758,2,1,,wt
403559,0,0,,Gad2-IRES-Cre
403559,0,1,,wt
403559,1,0,,Ai14(RCL-tdT)
403559,1,1,,wt
403169,0,0,,Calb2-IRES-Cre
403169,0,1,,wt
403169,1,0,,Sst-IRES-FlpO
403169,1,1,,wt
403169,2,0,,Ai65(RCFL-tdT)
403169,2,1,,wt
403560,0,0,,Gad2-IRES-Cre
403560,0,1,,wt
403560,1,0,,Ai14(RCL-tdT)
403560,1,1,,wt
404366,0,0,,Sst-IRES-Cre
404366,0,1,,wt
404366,1,0,,Ai14(RCL-tdT)
404366,1,1,,wt
403276,0,0,,Pdyn-T2A-CreERT2
403276,0,1,,wt
403276,1,0,,Ai14(RCL-tdT)
403276,1,1,,wt
403443,0,0,,Cck-IRES-Cre
403443,0,1,,wt
403443,1,0,,Vip-IRES-FlpO
403443,1,1,,wt
403443,2,0,,Ai65(RCFL-tdT)
403443,2,1,,wt
404479,0,0,,Ndnf-IRES2-dgCre
404479,0,1,,wt
404479,1,0,,Slc32a1-IRES2-FlpO
404479,1,1,,wt
404479,2,0,,Ai65(RCFL-tdT)
404479,2,1,,wt
404370,0,0,,Sst-IRES-Cre
404370,0,1,,wt
404370,1,0,,Ai14(RCL-tdT)
404370,1,1,,wt
404371,0,0,,Sst-IRES-Cre
404371,0,1,,wt
404371,1,0,,Ai14(RCL-tdT)
404371,1,1,,wt
402685,0,0,,Htr3a-Cre_NO152
402685,0,1,,wt
402685,1,0,,Ai14(RCL-tdT)
402685,1,1,,wt
404779,0,0,,Pdyn-T2A-CreERT2
404779,0,1,,wt
404779,1,0,,Ai14(RCL-tdT)
404779,1,1,,wt
404849,0,0,,Sst-IRES-Cre
404849,0,1,,wt
404849,1,0,,Ai14(RCL-tdT)
404849,1,1,,wt
405111,0,0,,Sst-IRES-Cre
405111,0,1,,wt
405111,1,0,,Ai14(RCL-tdT)
405111,1,1,,wt
405115,0,0,,Sst-IRES-Cre
405115,0,1,,wt
405115,1,0,,Ai14(RCL-tdT)
405115,1,1,,wt
405113,0,0,,Sst-IRES-Cre
405113,0,1,,wt
405113,1,0,,Ai14(RCL-tdT)
405113,1,1,,wt
404781,0,0,,Pdyn-T2A-CreERT2
404781,0,1,,wt
404781,1,0,,Ai14(RCL-tdT)
404781,1,1,,wt
405114,0,0,,Sst-IRES-Cre
405114,0,1,,wt
405114,1,0,,Ai14(RCL-tdT)
405114,1,1,,wt
405118,0,0,,Sst-IRES-Cre
405118,0,1,,wt
405118,1,0,,Ai14(RCL-tdT)
405118,1,1,,wt
404782,0,0,,Pdyn-T2A-CreERT2
404782,0,1,,wt
404782,1,0,,Ai14(RCL-tdT)
404782,1,1,,wt
406663,0,0,,Pvalb-IRES-Cre
406663,0,1,,wt
406663,1,0,,Ai14(RCL-tdT)
406663,1,1,,wt
406460,0,0,,Vip-IRES-Cre
406460,0,1,,wt
406460,1,0,,Ai14(RCL-tdT)
406460,1,1,,wt
407127,0,0,,Htr3a-Cre_NO152
407127,0,1,,wt
407127,1,0,,Ai14(RCL-tdT)
407127,1,1,,wt
406664,0,0,,Pvalb-IRES-Cre
406664,0,1,,wt
406664,1,0,,Ai14(RCL-tdT)
406664,1,1,,wt
406294,0,0,,Chrna2-Cre_OE25
406294,0,1,,wt
406294,1,0,,Sst-IRES-FlpO
406294,1,1,,wt
406294,2,0,,Ai65(RCFL-tdT)
406294,2,1,,wt
406655,0,0,,Ndnf-IRES2-dgCre
406655,0,1,,wt
406655,1,0,,Ai14(RCL-tdT)
406655,1,1,,wt
407131,0,0,,Htr3a-Cre_NO152
407131,0,1,,wt
407131,1,0,,Ai14(RCL-tdT)
407131,1,1,,wt
406666,0,0,,Pvalb-IRES-Cre
406666,0,1,,wt
406666,1,0,,Ai14(RCL-tdT)
406666,1,1,,wt
406388,0,0,,Gad2-IRES-Cre
406388,0,1,,wt
406388,1,0,,Ai14(RCL-tdT)
406388,1,1,,wt
406667,0,0,,Pvalb-IRES-Cre
406667,0,1,,wt
406667,1,0,,Ai14(RCL-tdT)
406667,1,1,,wt
406293,0,0,,Chrna2-Cre_OE25
406293,0,1,,wt
406293,1,0,,Sst-IRES-FlpO
406293,1,1,,wt
406293,2,0,,Ai65(RCFL-tdT)
406293,2,1,,wt
406389,0,0,,Gad2-IRES-Cre
406389,0,1,,wt
406389,1,0,,Ai14(RCL-tdT)
406389,1,1,,wt
407133,0,0,,Htr3a-Cre_NO152
407133,0,1,,wt
407133,1,0,,Ai14(RCL-tdT)
407133,1,1,,wt
406386,0,0,,Gad2-IRES-Cre
406386,0,1,,wt
406386,1,0,,Ai14(RCL-tdT)
406386,1,1,,wt
406695,0,0,,Chrna2-Cre_OE25
406695,0,1,,wt
406695,1,0,,Vip-IRES-FlpO
406695,1,1,,wt
406695,2,0,,Ai65(RCFL-tdT)
406695,2,1,,wt
407698,0,0,,Chrna2-Cre_OE25
407698,0,1,,wt
407698,1,0,,Sst-IRES-FlpO
407698,1,1,,wt
407698,2,0,,Ai65(RCFL-tdT)
407698,2,1,,wt
407228,0,0,,Vip-IRES-Cre
407228,0,1,,wt
407228,1,0,,Ai14(RCL-tdT)
407228,1,1,,wt
407477,0,0,,Chrna2-Cre_OE25
407477,0,1,,wt
407477,1,0,,Vip-IRES-FlpO
407477,1,1,,wt
407477,2,0,,Ai65(RCFL-tdT)
407477,2,1,,wt
407562,0,0,,Htr3a-Cre_NO152
407562,0,1,,wt
407562,1,0,,Ai14(RCL-tdT)
407562,1,1,,wt
407231,0,0,,Vip-IRES-Cre
407231,0,1,,wt
407231,1,0,,Ai14(RCL-tdT)
407231,1,1,,wt
407649,0,0,,Vip-IRES-Cre
407649,0,1,,wt
407649,1,0,,Ai14(RCL-tdT)
407649,1,1,,wt
407232,0,0,,Vip-IRES-Cre
407232,0,1,,wt
407232,1,0,,Ai14(RCL-tdT)
407232,1,1,,wt
407481,0,0,,Chrna2-Cre_OE25
407481,0,1,,wt
407481,1,0,,Vip-IRES-FlpO
407481,1,1,,wt
407481,2,0,,Ai65(RCFL-tdT)
407481,2,1,,wt
407653,0,0,,Vip-IRES-Cre
407653,0,1,,wt
407653,1,0,,Ai14(RCL-tdT)
407653,1,1,,wt
407654,0,0,,Vip-IRES-Cre
407654,0,1,,wt
407654,1,0,,Ai14(RCL-tdT)
407654,1,1,,wt
409272,0,0,,Vip-IRES-Cre
409272,0,1,,wt
409272,1,0,,Ai14(RCL-tdT)
409272,1,1,,wt
407646,0,0,,Vip-IRES-Cre
407646,0,1,,wt
407646,1,0,,Ai14(RCL-tdT)
407646,1,1,,wt
407629,0,0,,Crh-IRES-Cre_ZJH
407629,0,1,,wt
407629,1,0,,Sst-IRES-FlpO
407629,1,1,,wt
407629,2,0,,Ai65(RCFL-tdT)
407629,2,1,,wt
409269,0,0,,Vip-IRES-Cre
409269,0,1,,wt
409269,1,0,,Ai14(RCL-tdT)
409269,1,1,,wt
408345,0,0,,Chat-IRES-Cre-neo
408345,0,1,,wt
408345,1,0,,Ai14(RCL-tdT)
408345,1,1,,wt
408755,0,0,,Oxtr-T2A-Cre
408755,0,1,,wt
408755,1,0,,Ai14(RCL-tdT)
408755,1,1,,wt
407235,0,0,,Vip-IRES-Cre
407235,0,1,,wt
407235,1,0,,Ai14(RCL-tdT)
407235,1,1,,wt
407479,0,0,,Chrna2-Cre_OE25
407479,0,1,,wt
407479,1,0,,Vip-IRES-FlpO
407479,1,1,,wt
407479,2,0,,Ai65(RCFL-tdT)
407479,2,1,,wt
408887,0,0,,Oxtr-T2A-Cre
408887,0,1,,wt
408887,1,0,,Ai14(RCL-tdT)
408887,1,1,,wt
408415,0,0,,Sst-IRES-Cre
408415,0,1,,wt
408415,1,0,,Ai14(RCL-tdT)
408415,1,1,,wt
408759,0,0,,Oxtr-T2A-Cre
408759,0,1,,wt
408759,1,0,,Ai14(RCL-tdT)
408759,1,1,,wt
407830,0,0,,Npr3-IRES2-Cre
407830,0,1,,wt
407830,1,0,,Sst-IRES-FlpO
407830,1,1,,wt
407830,2,0,,Ai65(RCFL-tdT)
407830,2,1,,wt
408893,0,0,,Oxtr-T2A-Cre
408893,0,1,,wt
408893,1,0,,Ai14(RCL-tdT)
408893,1,1,,wt
408417,0,0,,Sst-IRES-Cre
408417,0,1,,wt
408417,1,0,,Ai14(RCL-tdT)
408417,1,1,,wt
409345,0,0,,Cck-IRES-Cre
409345,0,1,,wt
409345,1,0,,Vip-IRES-FlpO
409345,1,1,,wt
409345,2,0,,Ai65(RCFL-tdT)
409345,2,1,,wt
408889,0,0,,Oxtr-T2A-Cre
408889,0,1,,wt
408889,1,0,,Ai14(RCL-tdT)
408889,1,1,,wt
408760,0,0,,Oxtr-T2A-Cre
408760,0,1,,wt
408760,1,0,,Ai14(RCL-tdT)
408760,1,1,,wt
408419,0,0,,Sst-IRES-Cre
408419,0,1,,wt
408419,1,0,,Ai14(RCL-tdT)
408419,1,1,,wt
408761,0,0,,Oxtr-T2A-Cre
408761,0,1,,wt
408761,1,0,,Ai14(RCL-tdT)
408761,1,1,,wt
408890,0,0,,Oxtr-T2A-Cre
408890,0,1,,wt
408890,1,0,,Ai14(RCL-tdT)
408890,1,1,,wt
409347,0,0,,Cck-IRES-Cre
409347,0,1,,wt
409347,1,0,,Vip-IRES-FlpO
409347,1,1,,wt
409347,2,0,,Ai65(RCFL-tdT)
409347,2,1,,wt
408421,0,0,,Sst-IRES-Cre
408421,0,1,,wt
408421,1,0,,Ai14(RCL-tdT)
408421,1,1,,wt
408892,0,0,,Oxtr-T2A-Cre
408892,0,1,,wt
408892,1,0,,Ai14(RCL-tdT)
408892,1,1,,wt
409200,0,0,,Ndnf-IRES2-dgCre
409200,0,1,,wt
409200,1,0,,Ai14(RCL-tdT)
409200,1,1,,wt
408888,0,0,,Oxtr-T2A-Cre
408888,0,1,,wt
408888,1,0,,Ai14(RCL-tdT)
408888,1,1,,wt
409698,0,0,,Glt25d2-Cre_NF107
409698,0,1,,wt
409698,1,0,,Ai14(RCL-tdT)
409698,1,1,,wt
410065,0,0,,Nkx2-1-CreERT2
410065,0,1,,wt
410065,1,0,,Ai14(RCL-tdT)
410065,1,1,,wt
410508,0,0,,Penk-IRES2-Cre-neo
410508,0,1,,wt
410508,1,0,,Slc17a6-IRES2-FlpO
410508,1,1,,wt
410508,2,0,,Ai65(RCFL-tdT)
410508,2,1,,wt
408346,0,0,,Chat-IRES-Cre-neo
408346,0,1,,wt
408346,1,0,,Ai14(RCL-tdT)
408346,1,1,,wt
409679,0,0,,Cck-IRES-Cre
409679,0,1,,wt
409679,1,0,,Vip-IRES-FlpO
409679,1,1,,wt
409679,2,0,,Ai65(RCFL-tdT)
409679,2,1,,wt
408894,0,0,,Oxtr-T2A-Cre
408894,0,1,,wt
408894,1,0,,Ai14(RCL-tdT)
408894,1,1,,wt
410669,0,0,,Sst-IRES-Cre
410669,0,1,,wt
410669,1,0,,Th-P2A-FlpO
410669,1,1,,wt
410669,2,0,,Ai65(RCFL-tdT)
410669,2,1,,wt
409684,0,0,,Cck-IRES-Cre
409684,0,1,,wt
409684,1,0,,Vip-IRES-FlpO
409684,1,1,,wt
409684,2,0,,Ai65(RCFL-tdT)
409684,2,1,,wt
408895,0,0,,Oxtr-T2A-Cre
408895,0,1,,wt
408895,1,0,,Ai14(RCL-tdT)
408895,1,1,,wt
410815,0,0,,Htr3a-Cre_NO152
410815,0,1,,wt
410815,1,0,,Pvalb-T2A-FlpO
410815,1,1,,wt
410815,2,0,,Ai65(RCFL-tdT)
410815,2,1,,wt
411627,0,0,,Nos1-CreERT2
411627,0,1,,wt
411627,1,0,,Ai14(RCL-tdT)
411627,1,1,,wt
410166,0,0,,Cck-IRES-Cre
410166,0,1,,wt
410166,1,0,,Vip-IRES-FlpO
410166,1,1,,wt
410166,2,0,,Ai65(RCFL-tdT)
410166,2,1,,wt
409821,0,0,,Pvalb-IRES-Cre
409821,0,1,,wt
409821,1,0,,Ai14(RCL-tdT)
409821,1,1,,wt
410169,0,0,,Cck-IRES-Cre
410169,0,1,,wt
410169,1,0,,Vip-IRES-FlpO
410169,1,1,,wt
410169,2,0,,Ai65(RCFL-tdT)
410169,2,1,,wt
409822,0,0,,Pvalb-IRES-Cre
409822,0,1,,wt
409822,1,0,,Ai14(RCL-tdT)
409822,1,1,,wt
411241,0,0,,Chrna2-Cre_OE25
411241,0,1,,wt
411241,1,0,,Sst-IRES-FlpO
411241,1,1,,wt
411241,2,0,,Ai65(RCFL-tdT)
411241,2,1,,wt
411117,0,0,,Npr3-IRES2-Cre
411117,0,1,,wt
411117,1,0,,Sst-IRES-FlpO
411117,1,1,,wt
411117,2,0,,Ai65(RCFL-tdT)
411117,2,1,,wt
411027,0,0,,Calb2-IRES-Cre
411027,0,1,,wt
411027,1,0,,Sst-IRES-FlpO
411027,1,1,,wt
411027,2,0,,Ai65(RCFL-tdT)
411027,2,1,,wt
411293,0,0,,Vip-IRES-Cre
411293,0,1,,wt
411293,1,0,,Npy-IRES2-FlpO
411293,1,1,,wt
411293,2,0,,Ai65(RCFL-tdT)
411293,2,1,,wt
411498,0,0,,Htr3a-Cre_NO152
411498,0,1,,wt
411498,1,0,,Ai14(RCL-tdT)
411498,1,1,,wt
411118,0,0,,Npr3-IRES2-Cre
411118,0,1,,wt
411118,1,0,,Sst-IRES-FlpO
411118,1,1,,wt
411118,2,0,,Ai65(RCFL-tdT)
411118,2,1,,wt
411031,0,0,,Calb2-IRES-Cre
411031,0,1,,wt
411031,1,0,,Sst-IRES-FlpO
411031,1,1,,wt
411031,2,0,,Ai65(RCFL-tdT)
411031,2,1,,wt
411962,0,0,,Chrna2-Cre_OE25
411962,0,1,,wt
411962,1,0,,Sst-IRES-FlpO
411962,1,1,,wt
411962,2,0,,Ai65(RCFL-tdT)
411962,2,1,,wt
411033,0,0,,Calb2-IRES-Cre
411033,0,1,,wt
411033,1,0,,Sst-IRES-FlpO
411033,1,1,,wt
411033,2,0,,Ai65(RCFL-tdT)
411033,2,1,,wt
411120,0,0,,Npr3-IRES2-Cre
411120,0,1,,wt
411120,1,0,,Sst-IRES-FlpO
411120,1,1,,wt
411120,2,0,,Ai65(RCFL-tdT)
411120,2,1,,wt
412557,0,0,,Sst-IRES-Cre
412557,0,1,,wt
412557,1,0,,Ai14(RCL-tdT)
412557,1,1,,wt
412161,0,0,,Sst-IRES-Cre
412161,0,1,,wt
412161,1,0,,Ai14(RCL-tdT)
412161,1,1,,wt
412356,0,0,,Nos1-CreERT2
412356,0,1,,wt
412356,1,0,,Sst-IRES-FlpO
412356,1,1,,wt
412356,2,0,,Ai65(RCFL-tdT)
412356,2,1,,wt
412517,0,0,,Ndnf-IRES2-dgCre
412517,0,1,,wt
412517,1,0,,Slc32a1-IRES2-FlpO
412517,1,1,,wt
412517,2,0,,Ai65(RCFL-tdT)
412517,2,1,,wt
412558,0,0,,Sst-IRES-Cre
412558,0,1,,wt
412558,1,0,,Ai14(RCL-tdT)
412558,1,1,,wt
412162,0,0,,Sst-IRES-Cre
412162,0,1,,wt
412162,1,0,,Ai14(RCL-tdT)
412162,1,1,,wt
412555,0,0,,Sst-IRES-Cre
412555,0,1,,wt
412555,1,0,,Ai14(RCL-tdT)
412555,1,1,,wt
412518,0,0,,Ndnf-IRES2-dgCre
412518,0,1,,wt
412518,1,0,,Slc32a1-IRES2-FlpO
412518,1,1,,wt
412518,2,0,,Ai65(RCFL-tdT)
412518,2,1,,wt
412560,0,0,,Sst-IRES-Cre
412560,0,1,,wt
412560,1,0,,Ai14(RCL-tdT)
412560,1,1,,wt
412858,0,0,,Sst-IRES-Cre
412858,0,1,,wt
412858,1,0,,Ai14(RCL-tdT)
412858,1,1,,wt
412165,0,0,,Sst-IRES-Cre
412165,0,1,,wt
412165,1,0,,Ai14(RCL-tdT)
412165,1,1,,wt
412562,0,0,,Sst-IRES-Cre
412562,0,1,,wt
412562,1,0,,Ai14(RCL-tdT)
412562,1,1,,wt
412556,0,0,,Sst-IRES-Cre
412556,0,1,,wt
412556,1,0,,Ai14(RCL-tdT)
412556,1,1,,wt
412526,0,0,,Ndnf-IRES2-dgCre
412526,0,1,,wt
412526,1,0,,Slc32a1-IRES2-FlpO
412526,1,1,,wt
412526,2,0,,Ai65(RCFL-tdT)
412526,2,1,,wt
412554,0,0,,Sst-IRES-Cre
412554,0,1,,wt
412554,1,0,,Ai14(RCL-tdT)
412554,1,1,,wt
412860,0,0,,Sst-IRES-Cre
412860,0,1,,wt
412860,1,0,,Ai14(RCL-tdT)
412860,1,1,,wt
412856,0,0,,Sst-IRES-Cre
412856,0,1,,wt
412856,1,0,,Ai14(RCL-tdT)
412856,1,1,,wt
415614,0,0,,Sst-IRES-Cre
415614,0,1,,wt
415614,1,0,,Ai167(TIT2L-ChrimsonR-tdT-ICL-tTA2)
415614,1,1,,wt
413064,0,0,,Vip-IRES-Cre
413064,0,1,,wt
413064,1,0,,Npy-IRES2-FlpO
413064,1,1,,wt
413064,2,0,,Ai65(RCFL-tdT)
413064,2,1,,wt
413266,0,0,,Pvalb-IRES-Cre
413266,0,1,,wt
413266,1,0,,Ai14(RCL-tdT)
413266,1,1,,wt
414132,0,0,,Sst-IRES-Cre
414132,0,1,,wt
414132,1,0,,Ai14(RCL-tdT)
414132,1,1,,wt
415615,0,0,,Sst-IRES-Cre
415615,0,1,,wt
415615,1,0,,Ai167(TIT2L-ChrimsonR-tdT-ICL-tTA2)
415615,1,1,,wt
413068,0,0,,Vip-IRES-Cre
413068,0,1,,wt
413068,1,0,,Npy-IRES2-FlpO
413068,1,1,,wt
413068,2,0,,Ai65(RCFL-tdT)
413068,2,1,,wt
413503,0,0,,Chrna2-Cre_OE25
413503,0,1,,wt
413503,1,0,,Vip-IRES-FlpO
413503,1,1,,wt
413503,2,0,,Ai65(RCFL-tdT)
413503,2,1,,wt
413268,0,0,,Pvalb-IRES-Cre
413268,0,1,,wt
413268,1,0,,Ai14(RCL-tdT)
413268,1,1,,wt
413072,0,0,,Vip-IRES-Cre
413072,0,1,,wt
413072,1,0,,Npy-IRES2-FlpO
413072,1,1,,wt
413072,2,0,,Ai65(RCFL-tdT)
413072,2,1,,wt
413970,0,0,,Pvalb-IRES-Cre
413970,0,1,,wt
413970,1,0,,Ai14(RCL-tdT)
413970,1,1,,wt
413509,0,0,,Chrna2-Cre_OE25
413509,0,1,,wt
413509,1,0,,Vip-IRES-FlpO
413509,1,1,,wt
413509,2,0,,Ai65(RCFL-tdT)
413509,2,1,,wt
415616,0,0,,Sst-IRES-Cre
415616,0,1,,wt
415616,1,0,,Ai167(TIT2L-ChrimsonR-tdT-ICL-tTA2)
415616,1,1,,wt
413971,0,0,,Pvalb-IRES-Cre
413971,0,1,,wt
413971,1,0,,Ai14(RCL-tdT)
413971,1,1,,wt
415617,0,0,,Sst-IRES-Cre
415617,0,1,,wt
415617,1,0,,Ai167(TIT2L-ChrimsonR-tdT-ICL-tTA2)
415617,1,1,,wt
415181,0,0,,Vipr2-IRES2-Cre
415181,0,1,,wt
415181,1,0,,Pvalb-T2A-FlpO
415181,1,1,,wt
415181,2,0,,Ai65(RCFL-tdT)
415181,2,1,,wt
413974,0,0,,Pvalb-IRES-Cre
413974,0,1,,wt
413974,1,0,,Ai14(RCL-tdT)
413974,1,1,,wt
415618,0,0,,Sst-IRES-Cre
415618,0,1,,wt
415618,1,0,,Ai167(TIT2L-ChrimsonR-tdT-ICL-tTA2)
415618,1,1,,wt
415022,0,0,,Cck-IRES-Cre
415022,0,1,,wt
415022,1,0,,Vip-IRES-FlpO
415022,1,1,,wt
415022,2,0,,Ai65(RCFL-tdT)
415022,2,1,,wt
418986,0,0,,Tlx3-Cre_PL56
418986,0,1,,wt
418986,1,0,,Sst-IRES-FlpO
418986,1,1,,wt
418986,2,0,,Ai65F
418986,2,1,,wt
415064,0,0,,Vip-IRES-Cre
415064,0,1,,wt
415064,1,0,,Ai14(RCL-tdT)
415064,1,1,,wt
416171,0,0,,Sst-IRES-Cre
416171,0,1,,wt
416171,1,0,,Ai167(TIT2L-ChrimsonR-tdT-ICL-tTA2)
416171,1,1,,wt
415421,0,0,,Cck-IRES-Cre
415421,0,1,,wt
415421,1,0,,Vip-IRES-FlpO
415421,1,1,,wt
415421,2,0,,Ai65(RCFL-tdT)
415421,2,1,,wt
415065,0,0,,Vip-IRES-Cre
415065,0,1,,wt
415065,1,0,,Ai14(RCL-tdT)
415065,1,1,,wt
415796,0,0,,Pvalb-IRES-Cre
415796,0,1,,wt
415796,1,0,,Ai14(RCL-tdT)
415796,1,1,,wt
415068,0,0,,Vip-IRES-Cre
415068,0,1,,wt
415068,1,0,,Ai14(RCL-tdT)
415068,1,1,,wt
418965,0,0,,Vip-IRES-Cre
418965,0,1,,wt
418965,1,0,,Sst-IRES-FlpO
418965,1,1,,wt
418965,2,0,,Ai65F
418965,2,1,,Ai65F
416176,0,0,,Sst-IRES-Cre
416176,0,1,,wt
416176,1,0,,Ai167(TIT2L-ChrimsonR-tdT-ICL-tTA2)
416176,1,1,,wt
416864,0,0,,Vip-IRES-Cre
416864,0,1,,wt
416864,1,0,,Ai14(RCL-tdT)
416864,1,1,,wt
415350,0,0,,Vip-IRES-Cre
415350,0,1,,wt
415350,1,0,,Npy-IRES2-FlpO
415350,1,1,,wt
415350,2,0,,Ai65(RCFL-tdT)
415350,2,1,,wt
416871,0,0,,Vip-IRES-Cre
416871,0,1,,wt
416871,1,0,,Ai14(RCL-tdT)
416871,1,1,,wt
416120,0,0,,Sst-IRES-Cre
416120,0,1,,wt
416120,1,0,,Ai14(RCL-tdT)
416120,1,1,,wt
416722,0,0,,Crh-IRES-Cre_ZJH
416722,0,1,,wt
416722,1,0,,Sst-IRES-FlpO
416722,1,1,,wt
416722,2,0,,Ai65(RCFL-tdT)
416722,2,1,,wt
417227,0,0,,Vip-IRES-Cre
417227,0,1,,wt
417227,1,0,,Ai14(RCL-tdT)
417227,1,1,,wt
416134,0,0,,Sst-IRES-Cre
416134,0,1,,wt
416134,1,0,,Ai14(RCL-tdT)
416134,1,1,,wt
416125,0,0,,Sst-IRES-Cre
416125,0,1,,wt
416125,1,0,,Ai14(RCL-tdT)
416125,1,1,,wt
416870,0,0,,Vip-IRES-Cre
416870,0,1,,wt
416870,1,0,,Ai14(RCL-tdT)
416870,1,1,,wt
416135,0,0,,Sst-IRES-Cre
416135,0,1,,wt
416135,1,0,,Ai14(RCL-tdT)
416135,1,1,,wt
417228,0,0,,Vip-IRES-Cre
417228,0,1,,wt
417228,1,0,,Ai14(RCL-tdT)
417228,1,1,,wt
416131,0,0,,Sst-IRES-Cre
416131,0,1,,wt
416131,1,0,,Ai14(RCL-tdT)
416131,1,1,,wt
417327,0,0,,Cck-IRES-Cre
417327,0,1,,wt
417327,1,0,,Vip-IRES-FlpO
417327,1,1,,wt
417327,2,0,,Ai65(RCFL-tdT)
417327,2,1,,wt
416483,0,0,,Sst-IRES-Cre
416483,0,1,,wt
416483,1,0,,Ai14(RCL-tdT)
416483,1,1,,wt
417229,0,0,,Vip-IRES-Cre
417229,0,1,,wt
417229,1,0,,Ai14(RCL-tdT)
417229,1,1,,wt
416132,0,0,,Sst-IRES-Cre
416132,0,1,,wt
416132,1,0,,Ai14(RCL-tdT)
416132,1,1,,wt
416938,0,0,,Vip-IRES-Cre
416938,0,1,,wt
416938,1,0,,Npy-IRES2-FlpO
416938,1,1,,wt
416938,2,0,,Ai65(RCFL-tdT)
416938,2,1,,wt
416484,0,0,,Sst-IRES-Cre
416484,0,1,,wt
416484,1,0,,Ai14(RCL-tdT)
416484,1,1,,wt
417331,0,0,,Cck-IRES-Cre
417331,0,1,,wt
417331,1,0,,Vip-IRES-FlpO
417331,1,1,,wt
417331,2,0,,Ai65(RCFL-tdT)
417331,2,1,,wt
418222,0,0,,Vip-IRES-Cre
418222,0,1,,wt
418222,1,0,,Ai14(RCL-tdT)
418222,1,1,,wt
417268,0,0,,Pvalb-IRES-Cre
417268,0,1,,wt
417268,1,0,,Ai14(RCL-tdT)
417268,1,1,,wt
417710,0,0,,Cck-IRES-Cre
417710,0,1,,wt
417710,1,0,,Vip-IRES-FlpO
417710,1,1,,wt
417710,2,0,,Ai65(RCFL-tdT)
417710,2,1,,wt
418225,0,0,,Vip-IRES-Cre
418225,0,1,,wt
418225,1,0,,Ai14(RCL-tdT)
418225,1,1,,wt
417711,0,0,,Cck-IRES-Cre
417711,0,1,,wt
417711,1,0,,Vip-IRES-FlpO
417711,1,1,,wt
417711,2,0,,Ai65(RCFL-tdT)
417711,2,1,,wt
418120,0,0,,Pvalb-IRES-Cre
418120,0,1,,wt
418120,1,0,,Ai14(RCL-tdT)
418120,1,1,,wt
418227,0,0,,Vip-IRES-Cre
418227,0,1,,wt
418227,1,0,,Ai14(RCL-tdT)
418227,1,1,,wt
418125,0,0,,Pvalb-IRES-Cre
418125,0,1,,wt
418125,1,0,,Ai14(RCL-tdT)
418125,1,1,,wt
417712,0,0,,Cck-IRES-Cre
417712,0,1,,wt
417712,1,0,,Vip-IRES-FlpO
417712,1,1,,wt
417712,2,0,,Ai65(RCFL-tdT)
417712,2,1,,wt
418126,0,0,,Pvalb-IRES-Cre
418126,0,1,,wt
418126,1,0,,Ai14(RCL-tdT)
418126,1,1,,wt
418127,0,0,,Pvalb-IRES-Cre
418127,0,1,,wt
418127,1,0,,Ai14(RCL-tdT)
418127,1,1,,wt
417321,0,0,,Pvalb-T2A-CreERT2
417321,0,1,,wt
417321,1,0,,Ai14(RCL-tdT)
417321,1,1,,wt
417322,0,0,,Pvalb-T2A-CreERT2
417322,0,1,,wt
417322,1,0,,Ai14(RCL-tdT)
417322,1,1,,wt
418813,0,0,,Slc32a1-IRES-Cre
418813,0,1,,wt
418813,1,0,,Ai14(RCL-tdT)
418813,1,1,,wt
419284,0,0,,Gad2-IRES-Cre
419284,0,1,,wt
419284,1,0,,Ai14(RCL-tdT)
419284,1,1,,wt
418814,0,0,,Slc32a1-IRES-Cre
418814,0,1,,wt
418814,1,0,,Ai14(RCL-tdT)
418814,1,1,,wt
419287,0,0,,Gad2-IRES-Cre
419287,0,1,,wt
419287,1,0,,Ai14(RCL-tdT)
419287,1,1,,wt
419907,0,0,,Pvalb-IRES-Cre
419907,0,1,,wt
419907,1,0,,Ai14(RCL-tdT)
419907,1,1,,wt
418815,0,0,,Slc32a1-IRES-Cre
418815,0,1,,wt
418815,1,0,,Ai14(RCL-tdT)
418815,1,1,,wt
419797,0,0,,Ndnf-IRES2-dgCre
419797,0,1,,wt
419797,1,0,,Slc32a1-IRES2-FlpO
419797,1,1,,wt
419797,2,0,,Ai65(RCFL-tdT)
419797,2,1,,wt
419291,0,0,,Gad2-IRES-Cre
419291,0,1,,wt
419291,1,0,,Ai14(RCL-tdT)
419291,1,1,,wt
419911,0,0,,Pvalb-IRES-Cre
419911,0,1,,wt
419911,1,0,,Ai14(RCL-tdT)
419911,1,1,,wt
418816,0,0,,Slc32a1-IRES-Cre
418816,0,1,,wt
418816,1,0,,Ai14(RCL-tdT)
418816,1,1,,wt
419991,0,0,,Htr3a-Cre_NO152
419991,0,1,,wt
419991,1,0,,Pvalb-T2A-FlpO
419991,1,1,,wt
419991,2,0,,Ai65(RCFL-tdT)
419991,2,1,,wt
422598,0,0,,Slc32a1-IRES-Cre
422598,0,1,,wt
422598,1,0,,Ai14(RCL-tdT)
422598,1,1,,wt
421489,0,0,,Sst-IRES-Cre
421489,0,1,,wt
421489,1,0,,Ai14(RCL-tdT)
421489,1,1,,wt
420772,0,0,,Chrna2-Cre_OE25
420772,0,1,,wt
420772,1,0,,Vip-IRES-FlpO
420772,1,1,,wt
420772,2,0,,Ai65(RCFL-tdT)
420772,2,1,,wt
420776,0,0,,Chrna2-Cre_OE25
420776,0,1,,wt
420776,1,0,,Vip-IRES-FlpO
420776,1,1,,wt
420776,2,0,,Ai65(RCFL-tdT)
420776,2,1,,wt
421030,0,0,,Nos1-CreERT2
421030,0,1,,wt
421030,1,0,,Ai14(RCL-tdT)
421030,1,1,,wt
421031,0,0,,Nos1-CreERT2
421031,0,1,,wt
421031,1,0,,Ai14(RCL-tdT)
421031,1,1,,wt
420778,0,0,,Chrna2-Cre_OE25
420778,0,1,,wt
420778,1,0,,Vip-IRES-FlpO
420778,1,1,,wt
420778,2,0,,Ai65(RCFL-tdT)
420778,2,1,,wt
421493,0,0,,Sst-IRES-Cre
421493,0,1,,wt
421493,1,0,,Ai14(RCL-tdT)
421493,1,1,,wt
421368,0,0,,Chrna2-Cre_OE25
421368,0,1,,wt
421368,1,0,,Sst-IRES-FlpO
421368,1,1,,wt
421368,2,0,,Ai65(RCFL-tdT)
421368,2,1,,wt
421750,0,0,,Sst-IRES-Cre
421750,0,1,,wt
421750,1,0,,Ai14(RCL-tdT)
421750,1,1,,wt
422365,0,0,,Pvalb-IRES-Cre
422365,0,1,,wt
422365,1,0,,Ai14(RCL-tdT)
422365,1,1,,wt
421976,0,0,,Pvalb-IRES-Cre
421976,0,1,,wt
421976,1,0,,Th-P2A-FlpO
421976,1,1,,wt
421976,2,0,,Ai65(RCFL-tdT)
421976,2,1,,wt
422072,0,0,,Sst-IRES-Cre
422072,0,1,,wt
422072,1,0,,Ai14(RCL-tdT)
422072,1,1,,wt
421751,0,0,,Sst-IRES-Cre
421751,0,1,,wt
421751,1,0,,Ai14(RCL-tdT)
421751,1,1,,wt
422067,0,0,,Sst-IRES-Cre
422067,0,1,,wt
422067,1,0,,Ai14(RCL-tdT)
422067,1,1,,wt
422368,0,0,,Pvalb-IRES-Cre
422368,0,1,,wt
422368,1,0,,Ai14(RCL-tdT)
422368,1,1,,wt
422075,0,0,,Sst-IRES-Cre
422075,0,1,,wt
422075,1,0,,Ai14(RCL-tdT)
422075,1,1,,wt
422069,0,0,,Sst-IRES-Cre
422069,0,1,,wt
422069,1,0,,Ai14(RCL-tdT)
422069,1,1,,wt
422068,0,0,,Sst-IRES-Cre
422068,0,1,,wt
422068,1,0,,Ai14(RCL-tdT)
422068,1,1,,wt
422369,0,0,,Pvalb-IRES-Cre
422369,0,1,,wt
422369,1,0,,Ai14(RCL-tdT)
422369,1,1,,wt
422070,0,0,,Sst-IRES-Cre
422070,0,1,,wt
422070,1,0,,Ai14(RCL-tdT)
422070,1,1,,wt
426641,0,0,,Sst-IRES-Cre
426641,0,1,,wt
426641,1,0,,Ai14(RCL-tdT)
426641,1,1,,wt
423844,0,0,,Nos1-CreERT2
423844,0,1,,wt
423844,1,0,,Sst-IRES-FlpO
423844,1,1,,wt
423844,2,0,,Ai65(RCFL-tdT)
423844,2,1,,wt
424614,0,0,,Vip-IRES-Cre
424614,0,1,,wt
424614,1,0,,Ai14(RCL-tdT)
424614,1,1,,wt
426642,0,0,,Sst-IRES-Cre
426642,0,1,,wt
426642,1,0,,Ai14(RCL-tdT)
426642,1,1,,wt
424615,0,0,,Vip-IRES-Cre
424615,0,1,,wt
424615,1,0,,Ai14(RCL-tdT)
424615,1,1,,wt
424963,0,0,,Sst-IRES-Cre
424963,0,1,,wt
424963,1,0,,Th-P2A-FlpO
424963,1,1,,wt
424963,2,0,,Ai65(RCFL-tdT)
424963,2,1,,wt
424091,0,0,,Vip-IRES-Cre
424091,0,1,,wt
424091,1,0,,Ai14(RCL-tdT)
424091,1,1,,wt
426645,0,0,,Sst-IRES-Cre
426645,0,1,,wt
426645,1,0,,Ai14(RCL-tdT)
426645,1,1,,wt
424092,0,0,,Vip-IRES-Cre
424092,0,1,,wt
424092,1,0,,Ai14(RCL-tdT)
424092,1,1,,wt
425123,0,0,,Cck-IRES-Cre
425123,0,1,,wt
425123,1,0,,Vip-IRES-FlpO
425123,1,1,,wt
425123,2,0,,Ai65(RCFL-tdT)
425123,2,1,,wt
424616,0,0,,Vip-IRES-Cre
424616,0,1,,wt
424616,1,0,,Ai14(RCL-tdT)
424616,1,1,,wt
425128,0,0,,Cck-IRES-Cre
425128,0,1,,wt
425128,1,0,,Vip-IRES-FlpO
425128,1,1,,wt
425128,2,0,,Ai65(RCFL-tdT)
425128,2,1,,wt
424966,0,0,,Sst-IRES-Cre
424966,0,1,,wt
424966,1,0,,Th-P2A-FlpO
424966,1,1,,wt
424966,2,0,,Ai65(RCFL-tdT)
424966,2,1,,wt
424619,0,0,,Vip-IRES-Cre
424619,0,1,,wt
424619,1,0,,Ai14(RCL-tdT)
424619,1,1,,wt
425899,0,0,,Nos1-CreERT2
425899,0,1,,wt
425899,1,0,,Sst-IRES-FlpO
425899,1,1,,wt
425899,2,0,,Ai65(RCFL-tdT)
425899,2,1,,wt
426687,0,0,,Pvalb-IRES-Cre
426687,0,1,,wt
426687,1,0,,Ai14(RCL-tdT)
426687,1,1,,wt
426167,0,0,,Sst-IRES-Cre
426167,0,1,,wt
426167,1,0,,Ai14(RCL-tdT)
426167,1,1,,wt
425903,0,0,,Nos1-CreERT2
425903,0,1,,wt
425903,1,0,,Sst-IRES-FlpO
425903,1,1,,wt
425903,2,0,,Ai65(RCFL-tdT)
425903,2,1,,wt
426688,0,0,,Pvalb-IRES-Cre
426688,0,1,,wt
426688,1,0,,Ai14(RCL-tdT)
426688,1,1,,wt
426169,0,0,,Sst-IRES-Cre
426169,0,1,,wt
426169,1,0,,Ai14(RCL-tdT)
426169,1,1,,wt
427597,0,0,,Ndnf-IRES2-dgCre
427597,0,1,,wt
427597,1,0,,Slc32a1-IRES2-FlpO
427597,1,1,,wt
427597,2,0,,Ai65(RCFL-tdT)
427597,2,1,,wt
427894,0,0,,Sst-IRES-Cre
427894,0,1,,wt
427894,1,0,,Ai14(RCL-tdT)
427894,1,1,,wt
427600,0,0,,Ndnf-IRES2-dgCre
427600,0,1,,wt
427600,1,0,,Slc32a1-IRES2-FlpO
427600,1,1,,wt
427600,2,0,,Ai65(RCFL-tdT)
427600,2,1,,wt
427056,0,0,,Vip-IRES-Cre
427056,0,1,,wt
427056,1,0,,Ai14(RCL-tdT)
427056,1,1,,wt
429524,0,0,,Gad2-IRES-Cre
429524,0,1,,wt
429524,1,0,,Ai14(RCL-tdT)
429524,1,1,,wt
429752,0,0,,Sst-IRES-Cre
429752,0,1,,wt
429752,1,0,,Ai14(RCL-tdT)
429752,1,1,,wt
430206,0,0,,Htr3a-Cre_NO152
430206,0,1,,wt
430206,1,0,,Ai14(RCL-tdT)
430206,1,1,,wt
429748,0,0,,Sst-IRES-Cre
429748,0,1,,wt
429748,1,0,,Ai14(RCL-tdT)
429748,1,1,,wt
429754,0,0,,Sst-IRES-Cre
429754,0,1,,wt
429754,1,0,,Ai14(RCL-tdT)
429754,1,1,,wt
429750,0,0,,Sst-IRES-Cre
429750,0,1,,wt
429750,1,0,,Ai14(RCL-tdT)
429750,1,1,,wt
429756,0,0,,Sst-IRES-Cre
429756,0,1,,wt
429756,1,0,,Ai14(RCL-tdT)
429756,1,1,,wt
429613,0,0,,Chrna2-Cre_OE25
429613,0,1,,wt
429613,1,0,,Pvalb-T2A-FlpO
429613,1,1,,wt
429613,2,0,,Ai65(RCFL-tdT)
429613,2,1,,wt
431133,0,0,,Vip-IRES-Cre
431133,0,1,,wt
431133,1,0,,Ai14(RCL-tdT)
431133,1,1,,wt
430947,0,0,,Ndnf-IRES2-dgCre
430947,0,1,,wt
430947,1,0,,Ai14(RCL-tdT)
430947,1,1,,wt
431562,0,0,,Htr3a-Cre_NO152
431562,0,1,,wt
431562,1,0,,Ai14(RCL-tdT)
431562,1,1,,wt
431135,0,0,,Vip-IRES-Cre
431135,0,1,,wt
431135,1,0,,Ai14(RCL-tdT)
431135,1,1,,wt
432548,0,0,,Sncg-IRES2-FlpO-neo
432548,0,1,,wt
432548,1,0,,Ai65F
432548,1,1,,wt
429815,0,0,,Sst-IRES-Cre
429815,0,1,,wt
429815,1,0,,Ai167(TIT2L-ChrimsonR-tdT-ICL-tTA2)
429815,1,1,,wt
433538,0,0,,Cck-IRES-Cre
433538,0,1,,wt
433538,1,0,,Vip-IRES-FlpO
433538,1,1,,wt
433538,2,0,,Ai65(RCFL-tdT)
433538,2,1,,wt
433542,0,0,,Cck-IRES-Cre
433542,0,1,,wt
433542,1,0,,Vip-IRES-FlpO
433542,1,1,,wt
433542,2,0,,Ai65(RCFL-tdT)
433542,2,1,,wt
432052,0,0,,Sst-IRES-Cre
432052,0,1,,wt
432052,1,0,,Ai167(TIT2L-ChrimsonR-tdT-ICL-tTA2)
432052,1,1,,wt
433569,0,0,,Vip-IRES-Cre
433569,0,1,,wt
433569,1,0,,Ai14(RCL-tdT)
433569,1,1,,wt
434707,0,0,,Sst-IRES-Cre
434707,0,1,,wt
434707,1,0,,Ai167(TIT2L-ChrimsonR-tdT-ICL-tTA2)
434707,1,1,,wt
434706,0,0,,Sst-IRES-Cre
434706,0,1,,wt
434706,1,0,,Ai167(TIT2L-ChrimsonR-tdT-ICL-tTA2)
434706,1,1,,wt
434645,0,0,,Sst-IRES-Cre
434645,0,1,,wt
434645,1,0,,Ai14(RCL-tdT)
434645,1,1,,wt
434653,0,0,,Pvalb-IRES-Cre
434653,0,1,,wt
434653,1,0,,Ai14(RCL-tdT)
434653,1,1,,wt
434336,0,0,,Cck-IRES-Cre
434336,0,1,,wt
434336,1,0,,Vip-IRES-FlpO
434336,1,1,,wt
434336,2,0,,Ai65(RCFL-tdT)
434336,2,1,,wt
434644,0,0,,Sst-IRES-Cre
434644,0,1,,wt
434644,1,0,,Ai14(RCL-tdT)
434644,1,1,,wt
434646,0,0,,Sst-IRES-Cre
434646,0,1,,wt
434646,1,0,,Ai14(RCL-tdT)
434646,1,1,,wt
433574,0,0,,Vip-IRES-Cre
433574,0,1,,wt
433574,1,0,,Ai14(RCL-tdT)
433574,1,1,,wt
434034,0,0,,Gad2-IRES-Cre
434034,0,1,,wt
434034,1,0,,Ai14(RCL-tdT)
434034,1,1,,wt
434647,0,0,,Sst-IRES-Cre
434647,0,1,,wt
434647,1,0,,Ai14(RCL-tdT)
434647,1,1,,wt
435635,0,0,,Vip-IRES-Cre
435635,0,1,,wt
435635,1,0,,Ai14(RCL-tdT)
435635,1,1,,wt
434648,0,0,,Sst-IRES-Cre
434648,0,1,,wt
434648,1,0,,Ai14(RCL-tdT)
434648,1,1,,wt
435566,0,0,,Sst-IRES-Cre
435566,0,1,,wt
435566,1,0,,Ai14(RCL-tdT)
435566,1,1,,wt
434760,0,0,,Pvalb-IRES-Cre
434760,0,1,,wt
434760,1,0,,Ai14(RCL-tdT)
434760,1,1,,wt
435637,0,0,,Vip-IRES-Cre
435637,0,1,,wt
435637,1,0,,Ai14(RCL-tdT)
435637,1,1,,wt
435570,0,0,,Sst-IRES-Cre
435570,0,1,,wt
435570,1,0,,Ai14(RCL-tdT)
435570,1,1,,wt
436143,0,0,,Crh-IRES-Cre_ZJH
436143,0,1,,wt
436143,1,0,,Sst-IRES-FlpO
436143,1,1,,wt
436143,2,0,,Ai65(RCFL-tdT)
436143,2,1,,wt
436293,0,0,,Pvalb-IRES-Cre
436293,0,1,,wt
436293,1,0,,Ai14(RCL-tdT)
436293,1,1,,wt
436102,0,0,,Sst-IRES-Cre
436102,0,1,,wt
436102,1,0,,Ai14(RCL-tdT)
436102,1,1,,wt
437007,0,0,,Sst-IRES-Cre
437007,0,1,,wt
437007,1,0,,Ai14(RCL-tdT)
437007,1,1,,wt
436295,0,0,,Pvalb-IRES-Cre
436295,0,1,,wt
436295,1,0,,Ai14(RCL-tdT)
436295,1,1,,wt
436104,0,0,,Sst-IRES-Cre
436104,0,1,,wt
436104,1,0,,Ai14(RCL-tdT)
436104,1,1,,wt
437074,0,0,,Vipr2-IRES2-Cre
437074,0,1,,wt
437074,1,0,,Pvalb-T2A-FlpO
437074,1,1,,wt
437074,2,0,,Ai65(RCFL-tdT)
437074,2,1,,wt
436296,0,0,,Pvalb-IRES-Cre
436296,0,1,,wt
436296,1,0,,Ai14(RCL-tdT)
436296,1,1,,wt
434588,0,0,,Cck-IRES-Cre
434588,0,1,,wt
434588,1,0,,Vip-IRES-FlpO
434588,1,1,,wt
434588,2,0,,Ai65(RCFL-tdT)
434588,2,1,,wt
436174,0,0,,Nos1-CreERT2
436174,0,1,,wt
436174,1,0,,Sst-IRES-FlpO
436174,1,1,,wt
436174,2,0,,Ai65(RCFL-tdT)
436174,2,1,,wt
436148,0,0,,Crh-IRES-Cre_ZJH
436148,0,1,,wt
436148,1,0,,Sst-IRES-FlpO
436148,1,1,,wt
436148,2,0,,Ai65(RCFL-tdT)
436148,2,1,,wt
437077,0,0,,Vipr2-IRES2-Cre
437077,0,1,,wt
437077,1,0,,Pvalb-T2A-FlpO
437077,1,1,,wt
437077,2,0,,Ai65(RCFL-tdT)
437077,2,1,,wt
437116,0,0,,Vip-IRES-Cre
437116,0,1,,wt
437116,1,0,,Ai14(RCL-tdT)
437116,1,1,,wt
437762,0,0,,Vip-IRES-Cre
437762,0,1,,wt
437762,1,0,,Ai14(RCL-tdT)
437762,1,1,,wt
437559,0,0,,Slc32a1-IRES-Cre
437559,0,1,,wt
437559,1,0,,Ai14(RCL-tdT)
437559,1,1,,wt
437683,0,0,,Cck-IRES-Cre
437683,0,1,,wt
437683,1,0,,Vip-IRES-FlpO
437683,1,1,,wt
437683,2,0,,Ai65(RCFL-tdT)
437683,2,1,,wt
439424,0,0,,Crh-IRES-Cre_ZJH
439424,0,1,,wt
439424,1,0,,Sst-IRES-FlpO
439424,1,1,,wt
439424,2,0,,Ai65(RCFL-tdT)
439424,2,1,,wt
439425,0,0,,Crh-IRES-Cre_ZJH
439425,0,1,,wt
439425,1,0,,Sst-IRES-FlpO
439425,1,1,,wt
439425,2,0,,Ai65(RCFL-tdT)
439425,2,1,,wt
439428,0,0,,Crh-IRES-Cre_ZJH
439428,0,1,,wt
439428,1,0,,Sst-IRES-FlpO
439428,1,1,,wt
439428,2,0,,Ai65(RCFL-tdT)
439428,2,1,,wt
438714,0,0,,Gad2-IRES-Cre
438714,0,1,,wt
438714,1,0,,Ai14(RCL-tdT)
438714,1,1,,wt
439426,0,0,,Crh-IRES-Cre_ZJH
439426,0,1,,wt
439426,1,0,,Sst-IRES-FlpO
439426,1,1,,wt
439426,2,0,,Ai65(RCFL-tdT)
439426,2,1,,wt
439904,0,0,,Nos1-CreERT2
439904,0,1,,wt
439904,1,0,,Sst-IRES-FlpO
439904,1,1,,wt
439904,2,0,,Ai65(RCFL-tdT)
439904,2,1,,wt
439873,0,0,,Penk-IRES2-Cre-neo
439873,0,1,,wt
439873,1,0,,Slc17a6-IRES2-FlpO
439873,1,1,,wt
439873,2,0,,Ai65(RCFL-tdT)
439873,2,1,,wt
439541,0,0,,Sst-IRES-Cre
439541,0,1,,wt
439541,1,0,,Ai167(TIT2L-ChrimsonR-tdT-ICL-tTA2)
439541,1,1,,wt
439427,0,0,,Crh-IRES-Cre_ZJH
439427,0,1,,wt
439427,1,0,,Sst-IRES-FlpO
439427,1,1,,wt
439427,2,0,,Ai65(RCFL-tdT)
439427,2,1,,wt
439925,0,0,,Sst-IRES-Cre
439925,0,1,,wt
439925,1,0,,Ai14(RCL-tdT)
439925,1,1,,wt
440449,0,0,,Pvalb-IRES-Cre
440449,0,1,,wt
440449,1,0,,Ai14(RCL-tdT)
440449,1,1,,wt
441787,0,0,,Sst-IRES-Cre
441787,0,1,,wt
441787,1,0,,Ai167(TIT2L-ChrimsonR-tdT-ICL-tTA2)
441787,1,1,,wt
440450,0,0,,Pvalb-IRES-Cre
440450,0,1,,wt
440450,1,0,,Ai14(RCL-tdT)
440450,1,1,,wt
441789,0,0,,Sst-IRES-Cre
441789,0,1,,wt
441789,1,0,,Ai167(TIT2L-ChrimsonR-tdT-ICL-tTA2)
441789,1,1,,wt
440451,0,0,,Pvalb-IRES-Cre
440451,0,1,,wt
440451,1,0,,Ai14(RCL-tdT)
440451,1,1,,wt
440917,0,0,,Htr3a-Cre_NO152
440917,0,1,,wt
440917,1,0,,Pvalb-T2A-FlpO
440917,1,1,,wt
440917,2,0,,Ai65(RCFL-tdT)
440917,2,1,,wt
440452,0,0,,Pvalb-IRES-Cre
440452,0,1,,wt
440452,1,0,,Ai14(RCL-tdT)
440452,1,1,,wt
440916,0,0,,Htr3a-Cre_NO152
440916,0,1,,wt
440916,1,0,,Pvalb-T2A-FlpO
440916,1,1,,wt
440916,2,0,,Ai65(RCFL-tdT)
440916,2,1,,wt
442794,0,0,,Ndnf-IRES2-dgCre
442794,0,1,,wt
442794,1,0,,Ai14(RCL-tdT)
442794,1,1,,wt
441829,0,0,,Chrna2-Cre_OE25
441829,0,1,,wt
441829,1,0,,Sst-IRES-FlpO
441829,1,1,,wt
441829,2,0,,Ai65(RCFL-tdT)
441829,2,1,,wt
442767,0,0,,Pvalb-IRES-Cre
442767,0,1,,wt
442767,1,0,,Ai14(RCL-tdT)
442767,1,1,,wt
442297,0,0,,Glt25d2-Cre_NF107
442297,0,1,,wt
442297,1,0,,Ai14(RCL-tdT)
442297,1,1,,wt
442768,0,0,,Pvalb-IRES-Cre
442768,0,1,,wt
442768,1,0,,Ai14(RCL-tdT)
442768,1,1,,wt
442769,0,0,,Pvalb-IRES-Cre
442769,0,1,,wt
442769,1,0,,Ai14(RCL-tdT)
442769,1,1,,wt
442796,0,0,,Ndnf-IRES2-dgCre
442796,0,1,,wt
442796,1,0,,Ai14(RCL-tdT)
442796,1,1,,wt
442770,0,0,,Pvalb-IRES-Cre
442770,0,1,,wt
442770,1,0,,Ai14(RCL-tdT)
442770,1,1,,wt
442797,0,0,,Ndnf-IRES2-dgCre
442797,0,1,,wt
442797,1,0,,Ai14(RCL-tdT)
442797,1,1,,wt
442606,0,0,,Htr3a-Cre_NO152
442606,0,1,,wt
442606,1,0,,Ai14(RCL-tdT)
442606,1,1,,wt
442954,0,0,,Scnn1a-Tg1-Cre
442954,0,1,,wt
442954,1,0,,Ai14(RCL-tdT)
442954,1,1,,wt
442765,0,0,,Pvalb-IRES-Cre
442765,0,1,,wt
442765,1,0,,Ai14(RCL-tdT)
442765,1,1,,wt
443337,0,0,,Ndnf-IRES2-dgCre
443337,0,1,,wt
443337,1,0,,Slc32a1-IRES2-FlpO
443337,1,1,,wt
443337,2,0,,Ai65(RCFL-tdT)
443337,2,1,,wt
444161,0,0,,Gad2-IRES-Cre
444161,0,1,,wt
444161,1,0,,Ai14(RCL-tdT)
444161,1,1,,wt
443338,0,0,,Ndnf-IRES2-dgCre
443338,0,1,,wt
443338,1,0,,Slc32a1-IRES2-FlpO
443338,1,1,,wt
443338,2,0,,Ai65(RCFL-tdT)
443338,2,1,,wt
445308,0,0,,Ndnf-IRES2-dgCre
445308,0,1,,wt
445308,1,0,,Slc32a1-IRES2-FlpO
445308,1,1,,wt
445308,2,0,,Ai65(RCFL-tdT)
445308,2,1,,wt
442360,0,0,,Ai65F
442360,0,1,,wt
444912,0,0,,Vipr2-IRES2-Cre
444912,0,1,,wt
444912,1,0,,Pvalb-T2A-FlpO
444912,1,1,,wt
444912,2,0,,Ai65(RCFL-tdT)
444912,2,1,,wt
445711,0,0,,Htr3a-Cre_NO152
445711,0,1,,wt
445711,1,0,,Ai14(RCL-tdT)
445711,1,1,,wt
445149,0,0,,Htr3a-Cre_NO152
445149,0,1,,wt
445149,1,0,,Pvalb-T2A-FlpO
445149,1,1,,wt
445149,2,0,,Ai65(RCFL-tdT)
445149,2,1,,wt
444913,0,0,,Vipr2-IRES2-Cre
444913,0,1,,wt
444913,1,0,,Pvalb-T2A-FlpO
444913,1,1,,wt
444913,2,0,,Ai65(RCFL-tdT)
444913,2,1,,wt
445680,0,0,,Vip-IRES-Cre
445680,0,1,,wt
445680,1,0,,Ai14(RCL-tdT)
445680,1,1,,wt
445151,0,0,,Htr3a-Cre_NO152
445151,0,1,,wt
445151,1,0,,Pvalb-T2A-FlpO
445151,1,1,,wt
445151,2,0,,Ai65(RCFL-tdT)
445151,2,1,,wt
445517,0,0,,Pvalb-IRES-Cre
445517,0,1,,wt
445517,1,0,,Th-P2A-FlpO
445517,1,1,,wt
445517,2,0,,Ai65(RCFL-tdT)
445517,2,1,,wt
445712,0,0,,Htr3a-Cre_NO152
445712,0,1,,wt
445712,1,0,,Ai14(RCL-tdT)
445712,1,1,,wt
445518,0,0,,Pvalb-IRES-Cre
445518,0,1,,wt
445518,1,0,,Th-P2A-FlpO
445518,1,1,,wt
445518,2,0,,Ai65(RCFL-tdT)
445518,2,1,,wt
445683,0,0,,Vip-IRES-Cre
445683,0,1,,wt
445683,1,0,,Ai14(RCL-tdT)
445683,1,1,,wt
444843,0,0,,Gpr139-IRES2-FlpO-WPRE-neo
444843,0,1,,wt
444843,1,0,,Ai65F
444843,1,1,,Ai65F
445685,0,0,,Vip-IRES-Cre
445685,0,1,,wt
445685,1,0,,Ai14(RCL-tdT)
445685,1,1,,wt
445996,0,0,,Sst-IRES-Cre
445996,0,1,,wt
445996,1,0,,Th-P2A-FlpO
445996,1,1,,wt
445996,2,0,,Ai65(RCFL-tdT)
445996,2,1,,wt
445805,0,0,,Pvalb-IRES-Cre
445805,0,1,,wt
445805,1,0,,Ai14(RCL-tdT)
445805,1,1,,wt
446681,0,0,,Htr3a-Cre_NO152
446681,0,1,,wt
446681,1,0,,Ai14(RCL-tdT)
446681,1,1,,wt
447290,0,0,,Sst-IRES-Cre
447290,0,1,,wt
447290,1,0,,Ai14(RCL-tdT)
447290,1,1,,wt
446294,0,0,,Nos1-CreERT2
446294,0,1,,wt
446294,1,0,,Sst-IRES-FlpO
446294,1,1,,wt
446294,2,0,,Ai65(RCFL-tdT)
446294,2,1,,wt
448829,0,0,,Pvalb-IRES-Cre
448829,0,1,,wt
448829,1,0,,Ai14(RCL-tdT)
448829,1,1,,wt
448130,0,0,,Calb1-IRES2-Cre-neo
448130,0,1,,wt
448130,1,0,,Ai14(RCL-tdT)
448130,1,1,,wt
448414,0,0,,Vip-IRES-Cre
448414,0,1,,wt
448414,1,0,,Ai14(RCL-tdT)
448414,1,1,,wt
448830,0,0,,Pvalb-IRES-Cre
448830,0,1,,wt
448830,1,0,,Ai14(RCL-tdT)
448830,1,1,,wt
448132,0,0,,Calb1-IRES2-Cre-neo
448132,0,1,,wt
448132,1,0,,Ai14(RCL-tdT)
448132,1,1,,wt
449330,0,0,,Sst-IRES-Cre
449330,0,1,,wt
449330,1,0,,Ai14(RCL-tdT)
449330,1,1,,wt
448831,0,0,,Pvalb-IRES-Cre
448831,0,1,,wt
448831,1,0,,Ai14(RCL-tdT)
448831,1,1,,wt
448133,0,0,,Calb1-IRES2-Cre-neo
448133,0,1,,wt
448133,1,0,,Ai14(RCL-tdT)
448133,1,1,,wt
449335,0,0,,Sst-IRES-Cre
449335,0,1,,wt
449335,1,0,,Ai14(RCL-tdT)
449335,1,1,,wt
449585,0,0,,Nos1-CreERT2
449585,0,1,,wt
449585,1,0,,Sst-IRES-FlpO
449585,1,1,,wt
449585,2,0,,Ai65(RCFL-tdT)
449585,2,1,,wt
449977,0,0,,Sst-IRES-Cre
449977,0,1,,wt
449977,1,0,,Ai14(RCL-tdT)
449977,1,1,,wt
449853,0,0,,Crh-IRES-Cre_ZJH
449853,0,1,,wt
449853,1,0,,Sst-IRES-FlpO
449853,1,1,,wt
449853,2,0,,Ai65(RCFL-tdT)
449853,2,1,,wt
449978,0,0,,Sst-IRES-Cre
449978,0,1,,wt
449978,1,0,,Ai14(RCL-tdT)
449978,1,1,,wt
449854,0,0,,Crh-IRES-Cre_ZJH
449854,0,1,,wt
449854,1,0,,Sst-IRES-FlpO
449854,1,1,,wt
449854,2,0,,Ai65(RCFL-tdT)
449854,2,1,,wt
449979,0,0,,Sst-IRES-Cre
449979,0,1,,wt
449979,1,0,,Ai14(RCL-tdT)
449979,1,1,,wt
449860,0,0,,Crh-IRES-Cre_ZJH
449860,0,1,,wt
449860,1,0,,Sst-IRES-FlpO
449860,1,1,,wt
449860,2,0,,Ai65(RCFL-tdT)
449860,2,1,,wt
450876,0,0,,Htr3a-Cre_NO152
450876,0,1,,wt
450876,1,0,,Ai14(RCL-tdT)
450876,1,1,,wt
451336,0,0,,Cck-IRES-Cre
451336,0,1,,wt
451336,1,0,,Vip-IRES-FlpO
451336,1,1,,wt
451336,2,0,,Ai65(RCFL-tdT)
451336,2,1,,wt
451764,0,0,,Calb2-IRES-Cre
451764,0,1,,wt
451764,1,0,,Sst-IRES-FlpO
451764,1,1,,wt
451764,2,0,,Ai65(RCFL-tdT)
451764,2,1,,wt
451765,0,0,,Calb2-IRES-Cre
451765,0,1,,wt
451765,1,0,,Sst-IRES-FlpO
451765,1,1,,wt
451765,2,0,,Ai65(RCFL-tdT)
451765,2,1,,wt
451767,0,0,,Calb2-IRES-Cre
451767,0,1,,wt
451767,1,0,,Sst-IRES-FlpO
451767,1,1,,wt
451767,2,0,,Ai65(RCFL-tdT)
451767,2,1,,wt
452641,0,0,,Nos1-CreERT2
452641,0,1,,wt
452641,1,0,,Sst-IRES-FlpO
452641,1,1,,wt
452641,2,0,,Ai65(RCFL-tdT)
452641,2,1,,wt
451768,0,0,,Calb2-IRES-Cre
451768,0,1,,wt
451768,1,0,,Sst-IRES-FlpO
451768,1,1,,wt
451768,2,0,,Ai65(RCFL-tdT)
451768,2,1,,wt
452729,0,0,,Pvalb-IRES-Cre
452729,0,1,,wt
452729,1,0,,Ai14(RCL-tdT)
452729,1,1,,wt
451770,0,0,,Calb2-IRES-Cre
451770,0,1,,wt
451770,1,0,,Sst-IRES-FlpO
451770,1,1,,wt
451770,2,0,,Ai65(RCFL-tdT)
451770,2,1,,wt
452643,0,0,,Nos1-CreERT2
452643,0,1,,wt
452643,1,0,,Sst-IRES-FlpO
452643,1,1,,wt
452643,2,0,,Ai65(RCFL-tdT)
452643,2,1,,wt
452731,0,0,,Pvalb-IRES-Cre
452731,0,1,,wt
452731,1,0,,Ai14(RCL-tdT)
452731,1,1,,wt
453251,0,0,,Vip-IRES-Cre
453251,0,1,,wt
453251,1,0,,Ai14(RCL-tdT)
453251,1,1,,wt
452866,0,0,,Ndnf-IRES2-dgCre
452866,0,1,,wt
452866,1,0,,Slc32a1-IRES2-FlpO
452866,1,1,,wt
452866,2,0,,Ai65(RCFL-tdT)
452866,2,1,,wt
452732,0,0,,Pvalb-IRES-Cre
452732,0,1,,wt
452732,1,0,,Ai14(RCL-tdT)
452732,1,1,,wt
454282,0,0,,Crh-IRES-Cre_ZJH
454282,0,1,,wt
454282,1,0,,Sst-IRES-FlpO
454282,1,1,,wt
454282,2,0,,Ai65(RCFL-tdT)
454282,2,1,,wt
453368,0,0,,Vip-IRES-Cre
453368,0,1,,wt
453368,1,0,,Ai14(RCL-tdT)
453368,1,1,,wt
454284,0,0,,Crh-IRES-Cre_ZJH
454284,0,1,,wt
454284,1,0,,Sst-IRES-FlpO
454284,1,1,,wt
454284,2,0,,Ai65(RCFL-tdT)
454284,2,1,,wt
452733,0,0,,Pvalb-IRES-Cre
452733,0,1,,wt
452733,1,0,,Ai14(RCL-tdT)
452733,1,1,,wt
453372,0,0,,Vip-IRES-Cre
453372,0,1,,wt
453372,1,0,,Ai14(RCL-tdT)
453372,1,1,,wt
452734,0,0,,Pvalb-IRES-Cre
452734,0,1,,wt
452734,1,0,,Ai14(RCL-tdT)
452734,1,1,,wt
453051,0,0,,Ndnf-IRES2-dgCre
453051,0,1,,wt
453051,1,0,,Slc32a1-IRES2-FlpO
453051,1,1,,wt
453051,2,0,,Ai65(RCFL-tdT)
453051,2,1,,wt
454285,0,0,,Crh-IRES-Cre_ZJH
454285,0,1,,wt
454285,1,0,,Sst-IRES-FlpO
454285,1,1,,wt
454285,2,0,,Ai65(RCFL-tdT)
454285,2,1,,wt
453902,0,0,,Calb2-IRES-Cre
453902,0,1,,wt
453902,1,0,,Sst-IRES-FlpO
453902,1,1,,wt
453902,2,0,,Ai65(RCFL-tdT)
453902,2,1,,wt
452735,0,0,,Pvalb-IRES-Cre
452735,0,1,,wt
452735,1,0,,Ai14(RCL-tdT)
452735,1,1,,wt
454977,0,0,,Sst-IRES-Cre
454977,0,1,,wt
454977,1,0,,Ai14(RCL-tdT)
454977,1,1,,wt
455521,0,0,,Vip-IRES-Cre
455521,0,1,,wt
455521,1,0,,Ai14(RCL-tdT)
455521,1,1,,wt
454538,0,0,,Slc17a6-IRES-Cre
454538,0,1,,wt
454538,1,0,,Ai14(RCL-tdT)
454538,1,1,,wt
454978,0,0,,Sst-IRES-Cre
454978,0,1,,wt
454978,1,0,,Ai14(RCL-tdT)
454978,1,1,,wt
455994,0,0,,Sst-IRES-Cre
455994,0,1,,wt
455994,1,0,,Th-P2A-FlpO
455994,1,1,,wt
455994,2,0,,Ai65(RCFL-tdT)
455994,2,1,,wt
455016,0,0,,Gad2-IRES-Cre
455016,0,1,,wt
455016,1,0,,Ai14(RCL-tdT)
455016,1,1,,wt
455917,0,0,,Sst-IRES-Cre
455917,0,1,,wt
455917,1,0,,Ai14(RCL-tdT)
455917,1,1,,wt
455920,0,0,,Sst-IRES-Cre
455920,0,1,,wt
455920,1,0,,Ai14(RCL-tdT)
455920,1,1,,wt
455018,0,0,,Gad2-IRES-Cre
455018,0,1,,wt
455018,1,0,,Ai14(RCL-tdT)
455018,1,1,,wt
457299,0,0,,Chrna2-Cre_OE25
457299,0,1,,wt
457299,1,0,,Pvalb-T2A-FlpO
457299,1,1,,wt
457299,2,0,,Ai65(RCFL-tdT)
457299,2,1,,wt
457150,0,0,,Sst-IRES-Cre
457150,0,1,,wt
457150,1,0,,Ai14(RCL-tdT)
457150,1,1,,wt
456490,0,0,,Gad2-IRES-Cre
456490,0,1,,wt
456490,1,0,,Ai14(RCL-tdT)
456490,1,1,,wt
457304,0,0,,Chrna2-Cre_OE25
457304,0,1,,wt
457304,1,0,,Pvalb-T2A-FlpO
457304,1,1,,wt
457304,2,0,,Ai65(RCFL-tdT)
457304,2,1,,wt
456104,0,0,,Sncg-IRES2-FlpO-neo
456104,0,1,,wt
456104,1,0,,Ai65F
456104,1,1,,wt
456105,0,0,,Sncg-IRES2-FlpO-neo
456105,0,1,,wt
456105,1,0,,Ai65F
456105,1,1,,wt
451115,0,0,,Sncg-IRES2-FlpO-neo
451115,0,1,,wt
451115,1,0,,Ai65F
451115,1,1,,wt
456107,0,0,,Sncg-IRES2-FlpO-neo
456107,0,1,,wt
456107,1,0,,Ai65F
456107,1,1,,wt
451117,0,0,,Sncg-IRES2-FlpO-neo
451117,0,1,,wt
451117,1,0,,Ai65F
451117,1,1,,wt
456109,0,0,,Sncg-IRES2-FlpO-neo
456109,0,1,,wt
456109,1,0,,Ai65F
456109,1,1,,wt
451119,0,0,,Sncg-IRES2-FlpO-neo
451119,0,1,,wt
451119,1,0,,Ai65F
451119,1,1,,wt
453077,0,0,,Sncg-IRES2-FlpO-neo
453077,0,1,,wt
453077,1,0,,Ai65F
453077,1,1,,wt
460304,0,0,,Sncg-IRES2-FlpO-neo
460304,0,1,,wt
460304,1,0,,Ai65F
460304,1,1,,wt
456110,0,0,,Sncg-IRES2-FlpO-neo
456110,0,1,,wt
456110,1,0,,Ai65F
456110,1,1,,wt
460308,0,0,,Sncg-IRES2-FlpO-neo
460308,0,1,,wt
460308,1,0,,Ai65F
460308,1,1,,wt
458607,0,0,,Calb2-IRES-Cre
458607,0,1,,wt
458607,1,0,,Sst-IRES-FlpO
458607,1,1,,wt
458607,2,0,,Ai65(RCFL-tdT)
458607,2,1,,wt
460309,0,0,,Sncg-IRES2-FlpO-neo
460309,0,1,,wt
460309,1,0,,Ai65F
460309,1,1,,wt
458808,0,0,,Sst-IRES-Cre
458808,0,1,,wt
458808,1,0,,Ai14(RCL-tdT)
458808,1,1,,wt
459713,0,0,,Crh-IRES-Cre_ZJH
459713,0,1,,wt
459713,1,0,,Sst-IRES-FlpO
459713,1,1,,wt
459713,2,0,,Ai65(RCFL-tdT)
459713,2,1,,wt
460310,0,0,,Sncg-IRES2-FlpO-neo
460310,0,1,,wt
460310,1,0,,Ai65F
460310,1,1,,wt
460584,0,0,,Chrna2-Cre_OE25
460584,0,1,,wt
460584,1,0,,Sst-IRES-FlpO
460584,1,1,,wt
460584,2,0,,Ai65(RCFL-tdT)
460584,2,1,,wt
460694,0,0,,Calb2-IRES-Cre
460694,0,1,,wt
460694,1,0,,Sst-IRES-FlpO
460694,1,1,,wt
460694,2,0,,Ai65(RCFL-tdT)
460694,2,1,,wt
460585,0,0,,Chrna2-Cre_OE25
460585,0,1,,wt
460585,1,0,,Sst-IRES-FlpO
460585,1,1,,wt
460585,2,0,,Ai65(RCFL-tdT)
460585,2,1,,wt
460695,0,0,,Calb2-IRES-Cre
460695,0,1,,wt
460695,1,0,,Sst-IRES-FlpO
460695,1,1,,wt
460695,2,0,,Ai65(RCFL-tdT)
460695,2,1,,wt
460696,0,0,,Calb2-IRES-Cre
460696,0,1,,wt
460696,1,0,,Sst-IRES-FlpO
460696,1,1,,wt
460696,2,0,,Ai65(RCFL-tdT)
460696,2,1,,wt
460700,0,0,,Calb2-IRES-Cre
460700,0,1,,wt
460700,1,0,,Sst-IRES-FlpO
460700,1,1,,wt
460700,2,0,,Ai65(RCFL-tdT)
460700,2,1,,wt
461574,0,0,,Ndnf-IRES2-dgCre
461574,0,1,,wt
461574,1,0,,Slc32a1-IRES2-FlpO
461574,1,1,,wt
461574,2,0,,Ai65(RCFL-tdT)
461574,2,1,,wt
462276,0,0,,Vipr2-IRES2-Cre
462276,0,1,,wt
462276,1,0,,Pvalb-T2A-FlpO
462276,1,1,,wt
462276,2,0,,Ai65(RCFL-tdT)
462276,2,1,,wt
461933,0,0,,Ndnf-IRES2-dgCre
461933,0,1,,wt
461933,1,0,,Slc32a1-IRES2-FlpO
461933,1,1,,wt
461933,2,0,,Ai65(RCFL-tdT)
461933,2,1,,wt
462536,0,0,,Penk-IRES2-Cre-neo
462536,0,1,,wt
462536,1,0,,Slc17a6-IRES2-FlpO
462536,1,1,,wt
462536,2,0,,Ai65(RCFL-tdT)
462536,2,1,,wt
462280,0,0,,Vipr2-IRES2-Cre
462280,0,1,,wt
462280,1,0,,Pvalb-T2A-FlpO
462280,1,1,,wt
462280,2,0,,Ai65(RCFL-tdT)
462280,2,1,,wt
462539,0,0,,Penk-IRES2-Cre-neo
462539,0,1,,wt
462539,1,0,,Slc17a6-IRES2-FlpO
462539,1,1,,wt
462539,2,0,,Ai65(RCFL-tdT)
462539,2,1,,wt
465339,0,0,,Nkx2-1-CreERT2
465339,0,1,,wt
465339,1,0,,Ai14(RCL-tdT)
465339,1,1,,wt
465338,0,0,,Nkx2-1-CreERT2
465338,0,1,,wt
465338,1,0,,Ai14(RCL-tdT)
465338,1,1,,wt
462281,0,0,,Vipr2-IRES2-Cre
462281,0,1,,wt
462281,1,0,,Pvalb-T2A-FlpO
462281,1,1,,wt
462281,2,0,,Ai65(RCFL-tdT)
462281,2,1,,wt
465341,0,0,,Nkx2-1-CreERT2
465341,0,1,,wt
465341,1,0,,Ai14(RCL-tdT)
465341,1,1,,wt
463471,0,0,,Pvalb-IRES-Cre
463471,0,1,,wt
463471,1,0,,Ai14(RCL-tdT)
463471,1,1,,wt
463219,0,0,,Nos1-CreERT2
463219,0,1,,wt
463219,1,0,,Sst-IRES-FlpO
463219,1,1,,wt
463219,2,0,,Ai65(RCFL-tdT)
463219,2,1,,wt
463588,0,0,,Pvalb-IRES-Cre
463588,0,1,,wt
463588,1,0,,Th-P2A-FlpO
463588,1,1,,wt
463588,2,0,,Ai65(RCFL-tdT)
463588,2,1,,wt
465343,0,0,,Nkx2-1-CreERT2
465343,0,1,,wt
465343,1,0,,Ai14(RCL-tdT)
465343,1,1,,wt
463402,0,0,,Sst-IRES-Cre
463402,0,1,,wt
463402,1,0,,Ai14(RCL-tdT)
463402,1,1,,wt
463593,0,0,,Pvalb-IRES-Cre
463593,0,1,,wt
463593,1,0,,Th-P2A-FlpO
463593,1,1,,wt
463593,2,0,,Ai65(RCFL-tdT)
463593,2,1,,wt
463221,0,0,,Nos1-CreERT2
463221,0,1,,wt
463221,1,0,,Sst-IRES-FlpO
463221,1,1,,wt
463221,2,0,,Ai65(RCFL-tdT)
463221,2,1,,wt
465344,0,0,,Nkx2-1-CreERT2
465344,0,1,,wt
465344,1,0,,Ai14(RCL-tdT)
465344,1,1,,wt
463831,0,0,,Htr3a-Cre_NO152
463831,0,1,,wt
463831,1,0,,Pvalb-T2A-FlpO
463831,1,1,,wt
463831,2,0,,Ai65(RCFL-tdT)
463831,2,1,,wt
465348,0,0,,Nkx2-1-CreERT2
465348,0,1,,wt
465348,1,0,,Ai14(RCL-tdT)
465348,1,1,,wt
467263,0,0,,Penk-IRES2-Cre-neo
467263,0,1,,wt
467263,1,0,,Slc17a6-IRES2-FlpO
467263,1,1,,wt
467263,2,0,,Ai65(RCFL-tdT)
467263,2,1,,wt
467912,0,0,,Pvalb-IRES-Cre
467912,0,1,,wt
467912,1,0,,Th-P2A-FlpO
467912,1,1,,wt
467912,2,0,,Ai65(RCFL-tdT)
467912,2,1,,wt
468415,0,0,,Pvalb-IRES-Cre
468415,0,1,,wt
468415,1,0,,Ai14(RCL-tdT)
468415,1,1,,wt
468435,0,0,,Htr3a-Cre_NO152
468435,0,1,,wt
468435,1,0,,Ai14(RCL-tdT)
468435,1,1,,wt
468417,0,0,,Pvalb-IRES-Cre
468417,0,1,,wt
468417,1,0,,Ai14(RCL-tdT)
468417,1,1,,wt
468437,0,0,,Htr3a-Cre_NO152
468437,0,1,,wt
468437,1,0,,Ai14(RCL-tdT)
468437,1,1,,wt
470194,0,0,,Ndnf-IRES2-dgCre
470194,0,1,,wt
470194,1,0,,Ai14(RCL-tdT)
470194,1,1,,wt
470550,0,0,,Calb2-IRES-Cre
470550,0,1,,wt
470550,1,0,,Sst-IRES-FlpO
470550,1,1,,wt
470550,2,0,,Ai65(RCFL-tdT)
470550,2,1,,wt
470195,0,0,,Ndnf-IRES2-dgCre
470195,0,1,,wt
470195,1,0,,Ai14(RCL-tdT)
470195,1,1,,wt
470551,0,0,,Calb2-IRES-Cre
470551,0,1,,wt
470551,1,0,,Sst-IRES-FlpO
470551,1,1,,wt
470551,2,0,,Ai65(RCFL-tdT)
470551,2,1,,wt
469302,0,0,,Chat-IRES-Cre-neo
469302,0,1,,wt
469302,1,0,,Ai14(RCL-tdT)
469302,1,1,,wt
470196,0,0,,Ndnf-IRES2-dgCre
470196,0,1,,wt
470196,1,0,,Ai14(RCL-tdT)
470196,1,1,,wt
470552,0,0,,Calb2-IRES-Cre
470552,0,1,,wt
470552,1,0,,Sst-IRES-FlpO
470552,1,1,,wt
470552,2,0,,Ai65(RCFL-tdT)
470552,2,1,,wt
470303,0,0,,Pvalb-IRES-Cre
470303,0,1,,wt
470303,1,0,,Ai14(RCL-tdT)
470303,1,1,,wt
470557,0,0,,Calb2-IRES-Cre
470557,0,1,,wt
470557,1,0,,Sst-IRES-FlpO
470557,1,1,,wt
470557,2,0,,Ai65(RCFL-tdT)
470557,2,1,,wt
469304,0,0,,Chat-IRES-Cre-neo
469304,0,1,,wt
469304,1,0,,Ai14(RCL-tdT)
469304,1,1,,wt
470692,0,0,,Slc17a7-IRES2-Cre
470692,0,1,,wt
470692,1,0,,Ai14(RCL-tdT)
470692,1,1,,wt
470677,0,0,,Crh-IRES-Cre_ZJH
470677,0,1,,wt
470677,1,0,,Sst-IRES-FlpO
470677,1,1,,wt
470677,2,0,,Ai65(RCFL-tdT)
470677,2,1,,wt
471157,0,0,,Gad2-IRES-Cre
471157,0,1,,wt
471157,1,0,,Ai14(RCL-tdT)
471157,1,1,,wt
471160,0,0,,Gad2-IRES-Cre
471160,0,1,,wt
471160,1,0,,Ai14(RCL-tdT)
471160,1,1,,wt
471296,0,0,,Sst-IRES-Cre
471296,0,1,,wt
471296,1,0,,Ai14(RCL-tdT)
471296,1,1,,wt
470694,0,0,,Slc17a7-IRES2-Cre
470694,0,1,,wt
470694,1,0,,Ai14(RCL-tdT)
470694,1,1,,wt
471959,0,0,,Gad2-IRES-Cre
471959,0,1,,wt
471959,1,0,,Ai14(RCL-tdT)
471959,1,1,,wt
472419,0,0,,Vip-IRES-Cre
472419,0,1,,wt
472419,1,0,,Ai14(RCL-tdT)
472419,1,1,,wt
471960,0,0,,Gad2-IRES-Cre
471960,0,1,,wt
471960,1,0,,Ai14(RCL-tdT)
471960,1,1,,wt
472421,0,0,,Vip-IRES-Cre
472421,0,1,,wt
472421,1,0,,Ai14(RCL-tdT)
472421,1,1,,wt
471961,0,0,,Gad2-IRES-Cre
471961,0,1,,wt
471961,1,0,,Ai14(RCL-tdT)
471961,1,1,,wt
472422,0,0,,Vip-IRES-Cre
472422,0,1,,wt
472422,1,0,,Ai14(RCL-tdT)
472422,1,1,,wt
473098,0,0,,Gad2-IRES-Cre
473098,0,1,,wt
473098,1,0,,Ai14(RCL-tdT)
473098,1,1,,wt
473099,0,0,,Gad2-IRES-Cre
473099,0,1,,wt
473099,1,0,,Ai14(RCL-tdT)
473099,1,1,,wt
472189,0,0,,Ntsr1-Cre_GN220
472189,0,1,,wt
472189,1,0,,Ai14(RCL-tdT)
472189,1,1,,wt
473603,0,0,,Gad2-IRES-Cre
473603,0,1,,wt
473603,1,0,,Ai14(RCL-tdT)
473603,1,1,,wt
473797,0,0,,Chrna2-Cre_OE25
473797,0,1,,wt
473797,1,0,,Pvalb-T2A-FlpO
473797,1,1,,wt
473797,2,0,,Ai65(RCFL-tdT)
473797,2,1,,wt
473604,0,0,,Gad2-IRES-Cre
473604,0,1,,wt
473604,1,0,,Ai14(RCL-tdT)
473604,1,1,,wt
473972,0,0,,Ntsr1-Cre_GN220
473972,0,1,,wt
473972,1,0,,Ai14(RCL-tdT)
473972,1,1,,wt
474663,0,0,,Vip-IRES-Cre
474663,0,1,,wt
474663,1,0,,Ai14(RCL-tdT)
474663,1,1,,wt
474772,0,0,,Calb2-IRES-Cre
474772,0,1,,wt
474772,1,0,,Sst-IRES-FlpO
474772,1,1,,wt
474772,2,0,,Ai65(RCFL-tdT)
474772,2,1,,wt
474665,0,0,,Vip-IRES-Cre
474665,0,1,,wt
474665,1,0,,Ai14(RCL-tdT)
474665,1,1,,wt
474670,0,0,,Vip-IRES-Cre
474670,0,1,,wt
474670,1,0,,Ai14(RCL-tdT)
474670,1,1,,wt
476127,0,0,,Slc32a1-IRES-Cre
476127,0,1,,wt
476127,1,0,,Ai14(RCL-tdT)
476127,1,1,,wt
476322,0,0,,Gad2-IRES-Cre
476322,0,1,,wt
476322,1,0,,Ai14(RCL-tdT)
476322,1,1,,wt
476128,0,0,,Slc32a1-IRES-Cre
476128,0,1,,wt
476128,1,0,,Ai14(RCL-tdT)
476128,1,1,,wt
476712,0,0,,Slc32a1-IRES-Cre
476712,0,1,,wt
476712,1,0,,Ai14(RCL-tdT)
476712,1,1,,wt
476902,0,0,,Slc17a7-IRES2-Cre
476902,0,1,,wt
476902,1,0,,Ai14(RCL-tdT)
476902,1,1,,wt
476713,0,0,,Slc32a1-IRES-Cre
476713,0,1,,wt
476713,1,0,,Ai14(RCL-tdT)
476713,1,1,,wt
476325,0,0,,Gad2-IRES-Cre
476325,0,1,,wt
476325,1,0,,Ai14(RCL-tdT)
476325,1,1,,wt
477022,0,0,,Sncg-IRES2-FlpO-neo
477022,0,1,,wt
477022,1,0,,Ai65F
477022,1,1,,wt
477504,0,0,,Slc32a1-IRES-Cre
477504,0,1,,wt
477504,1,0,,Ai14(RCL-tdT)
477504,1,1,,wt
477848,0,0,,Glt25d2-Cre_NF107
477848,0,1,,wt
477848,1,0,,Ai14(RCL-tdT)
477848,1,1,,wt
478338,0,0,,Pvalb-IRES-Cre
478338,0,1,,wt
478338,1,0,,Ai14(RCL-tdT)
478338,1,1,,wt
478316,0,0,,Slc17a6-IRES-Cre
478316,0,1,,wt
478316,1,0,,Ai14(RCL-tdT)
478316,1,1,,wt
477850,0,0,,Glt25d2-Cre_NF107
477850,0,1,,wt
477850,1,0,,Ai14(RCL-tdT)
477850,1,1,,wt
478795,0,0,,Slc32a1-IRES-Cre
478795,0,1,,wt
478795,1,0,,Ai14(RCL-tdT)
478795,1,1,,wt
479903,0,0,,Sncg-IRES2-FlpO-neo
479903,0,1,,wt
479903,1,0,,Ai65F
479903,1,1,,wt
479200,0,0,,Vip-IRES-Cre
479200,0,1,,wt
479200,1,0,,Ai14(RCL-tdT)
479200,1,1,,wt
479904,0,0,,Sncg-IRES2-FlpO-neo
479904,0,1,,wt
479904,1,0,,Ai65F
479904,1,1,,wt
479510,0,0,,Slc17a7-IRES2-Cre
479510,0,1,,wt
479510,1,0,,Ai14(RCL-tdT)
479510,1,1,,wt
479201,0,0,,Vip-IRES-Cre
479201,0,1,,wt
479201,1,0,,Ai14(RCL-tdT)
479201,1,1,,wt
479513,0,0,,Slc17a7-IRES2-Cre
479513,0,1,,wt
479513,1,0,,Ai14(RCL-tdT)
479513,1,1,,wt
479511,0,0,,Slc17a7-IRES2-Cre
479511,0,1,,wt
479511,1,0,,Ai14(RCL-tdT)
479511,1,1,,wt
479202,0,0,,Vip-IRES-Cre
479202,0,1,,wt
479202,1,0,,Ai14(RCL-tdT)
479202,1,1,,wt
479908,0,0,,Sncg-IRES2-FlpO-neo
479908,0,1,,wt
479908,1,0,,Ai65F
479908,1,1,,wt
479512,0,0,,Slc17a7-IRES2-Cre
479512,0,1,,wt
479512,1,0,,Ai14(RCL-tdT)
479512,1,1,,wt
483226,0,0,,Oxtr-T2A-Cre
483226,0,1,,wt
483226,1,0,,Ai14(RCL-tdT)
483226,1,1,,wt
480219,0,0,,Sncg-IRES2-FlpO-neo
480219,0,1,,wt
480219,1,0,,Ai65F
480219,1,1,,wt
480220,0,0,,Sncg-IRES2-FlpO-neo
480220,0,1,,wt
480220,1,0,,Ai65F
480220,1,1,,wt
483227,0,0,,Oxtr-T2A-Cre
483227,0,1,,wt
483227,1,0,,Ai14(RCL-tdT)
483227,1,1,,wt
480221,0,0,,Sncg-IRES2-FlpO-neo
480221,0,1,,wt
480221,1,0,,Ai65F
480221,1,1,,wt
483228,0,0,,Oxtr-T2A-Cre
483228,0,1,,wt
483228,1,0,,Ai14(RCL-tdT)
483228,1,1,,wt
481159,0,0,,Sncg-IRES2-FlpO-neo
481159,0,1,,wt
481159,1,0,,Ai65F
481159,1,1,,wt
483229,0,0,,Oxtr-T2A-Cre
483229,0,1,,wt
483229,1,0,,Ai14(RCL-tdT)
483229,1,1,,wt
482481,0,0,,Htr3a-Cre_NO152
482481,0,1,,wt
482481,1,0,,Ai14(RCL-tdT)
482481,1,1,,wt
481679,0,0,,Gad2-IRES-Cre
481679,0,1,,wt
481679,1,0,,Ai14(RCL-tdT)
481679,1,1,,wt
482431,0,0,,Slc17a6-IRES-Cre
482431,0,1,,wt
482431,1,0,,Ai14(RCL-tdT)
482431,1,1,,wt
482435,0,0,,Slc17a6-IRES-Cre
482435,0,1,,wt
482435,1,0,,Ai14(RCL-tdT)
482435,1,1,,wt
481681,0,0,,Gad2-IRES-Cre
481681,0,1,,wt
481681,1,0,,Ai14(RCL-tdT)
481681,1,1,,wt
484066,0,0,,Oxtr-T2A-Cre
484066,0,1,,wt
484066,1,0,,Ai14(RCL-tdT)
484066,1,1,,wt
484137,0,0,,Sncg-IRES2-FlpO-neo
484137,0,1,,wt
484137,1,0,,Ai65F
484137,1,1,,wt
484067,0,0,,Oxtr-T2A-Cre
484067,0,1,,wt
484067,1,0,,Ai14(RCL-tdT)
484067,1,1,,wt
484140,0,0,,Sncg-IRES2-FlpO-neo
484140,0,1,,wt
484140,1,0,,Ai65F
484140,1,1,,wt
485419,0,0,,Sncg-IRES2-FlpO-neo
485419,0,1,,wt
485419,1,0,,Ai65F
485419,1,1,,wt
485420,0,0,,Sncg-IRES2-FlpO-neo
485420,0,1,,wt
485420,1,0,,Ai65F
485420,1,1,,wt
485421,0,0,,Sncg-IRES2-FlpO-neo
485421,0,1,,wt
485421,1,0,,Ai65F
485421,1,1,,wt
485422,0,0,,Sncg-IRES2-FlpO-neo
485422,0,1,,wt
485422,1,0,,Ai65F
485422,1,1,,wt
485430,0,0,,Sncg-IRES2-FlpO-neo
485430,0,1,,wt
485430,1,0,,Ai65F
485430,1,1,,wt
485432,0,0,,Sncg-IRES2-FlpO-neo
485432,0,1,,wt
485432,1,0,,Ai65F
485432,1,1,,wt
485436,0,0,,Sncg-IRES2-FlpO-neo
485436,0,1,,wt
485436,1,0,,Ai65F
485436,1,1,,wt
486247,0,0,,Slc32a1-IRES-Cre
486247,0,1,,wt
486247,1,0,,Ai14(RCL-tdT)
486247,1,1,,wt
486248,0,0,,Slc32a1-IRES-Cre
486248,0,1,,wt
486248,1,0,,Ai14(RCL-tdT)
486248,1,1,,wt
486249,0,0,,Slc32a1-IRES-Cre
486249,0,1,,wt
486249,1,0,,Ai14(RCL-tdT)
486249,1,1,,wt
486797,0,0,,Slc32a1-IRES-Cre
486797,0,1,,wt
486797,1,0,,Ai14(RCL-tdT)
486797,1,1,,wt
488439,0,0,,Pvalb-IRES-Cre
488439,0,1,,wt
488439,1,0,,Ai14(RCL-tdT)
488439,1,1,,wt
488440,0,0,,Pvalb-IRES-Cre
488440,0,1,,wt
488440,1,0,,Ai14(RCL-tdT)
488440,1,1,,wt
488441,0,0,,Pvalb-IRES-Cre
488441,0,1,,wt
488441,1,0,,Ai14(RCL-tdT)
488441,1,1,,wt
488847,0,0,,Gad2-IRES-Cre
488847,0,1,,wt
488847,1,0,,Ai14(RCL-tdT)
488847,1,1,,wt
489754,0,0,,Oxtr-T2A-Cre
489754,0,1,,wt
489754,1,0,,Ai14(RCL-tdT)
489754,1,1,,wt
490004,0,0,,Slc17a8-iCre
490004,0,1,,wt
490004,1,0,,Ai14(RCL-tdT)
490004,1,1,,wt
490006,0,0,,Slc17a8-iCre
490006,0,1,,wt
490006,1,0,,Ai14(RCL-tdT)
490006,1,1,,wt
490008,0,0,,Slc17a8-iCre
490008,0,1,,wt
490008,1,0,,Ai14(RCL-tdT)
490008,1,1,,wt
491001,0,0,,Penk-IRES2-Cre-neo
491001,0,1,,wt
491001,1,0,,Slc17a6-IRES2-FlpO
491001,1,1,,wt
491001,2,0,,Ai65(RCFL-tdT)
491001,2,1,,wt
490922,0,0,,Slc17a6-IRES-Cre
490922,0,1,,wt
490922,1,0,,Ai14(RCL-tdT)
490922,1,1,,wt
491006,0,0,,Penk-IRES2-Cre-neo
491006,0,1,,wt
491006,1,0,,Slc17a6-IRES2-FlpO
491006,1,1,,wt
491006,2,0,,Ai65(RCFL-tdT)
491006,2,1,,wt
491276,0,0,,Pvalb-IRES-Cre
491276,0,1,,wt
491276,1,0,,Th-P2A-FlpO
491276,1,1,,wt
491276,2,0,,Ai65(RCFL-tdT)
491276,2,1,,wt
491782,0,0,,Oxtr-T2A-Cre
491782,0,1,,wt
491782,1,0,,Ai14(RCL-tdT)
491782,1,1,,wt
491843,0,0,,Nos1-CreERT2
491843,0,1,,wt
491843,1,0,,Sst-IRES-FlpO
491843,1,1,,wt
491843,2,0,,Ai65(RCFL-tdT)
491843,2,1,,wt
491787,0,0,,Oxtr-T2A-Cre
491787,0,1,,wt
491787,1,0,,Ai14(RCL-tdT)
491787,1,1,,wt
492792,0,0,,Chrna2-Cre_OE25
492792,0,1,,wt
492792,1,0,,Sst-IRES-FlpO
492792,1,1,,wt
492792,2,0,,Ai65(RCFL-tdT)
492792,2,1,,wt
493643,0,0,,Slc32a1-IRES-Cre
493643,0,1,,wt
493643,1,0,,Ai14(RCL-tdT)
493643,1,1,,wt
493257,0,0,,Htr3a-Cre_NO152
493257,0,1,,wt
493257,1,0,,Ai14(RCL-tdT)
493257,1,1,,wt
494559,0,0,,Glt25d2-Cre_NF107
494559,0,1,,wt
494559,1,0,,Ai14(RCL-tdT)
494559,1,1,,wt
493601,0,0,,Esr2-IRES2-Cre
493601,0,1,,wt
493601,1,0,,Ai14(RCL-tdT)
493601,1,1,,wt
494674,0,0,,Esr2-IRES2-Cre
494674,0,1,,wt
494674,1,0,,Ai14(RCL-tdT)
494674,1,1,,wt
495723,0,0,,Ctgf-T2A-dgCre
495723,0,1,,wt
495723,1,0,,Ai14(RCL-tdT)
495723,1,1,,wt
495722,0,0,,Ctgf-T2A-dgCre
495722,0,1,,wt
495722,1,0,,Ai14(RCL-tdT)
495722,1,1,,wt
495271,0,0,,Vipr2-IRES2-Cre
495271,0,1,,wt
495271,1,0,,Slc32a1-IRES2-FlpO
495271,1,1,,wt
495271,2,0,,Ai65(RCFL-tdT)
495271,2,1,,wt
495724,0,0,,Ctgf-T2A-dgCre
495724,0,1,,wt
495724,1,0,,Ai14(RCL-tdT)
495724,1,1,,wt
496562,0,0,,Ctgf-T2A-dgCre
496562,0,1,,wt
496562,1,0,,Ai14(RCL-tdT)
496562,1,1,,wt
498264,0,0,,Glt25d2-Cre_NF107
498264,0,1,,wt
498264,1,0,,Ai14(RCL-tdT)
498264,1,1,,wt
498000,0,0,,Esr2-IRES2-Cre
498000,0,1,,wt
498000,1,0,,Ai14(RCL-tdT)
498000,1,1,,wt
498109,0,0,,Ctgf-T2A-dgCre
498109,0,1,,wt
498109,1,0,,Ai14(RCL-tdT)
498109,1,1,,wt
498110,0,0,,Ctgf-T2A-dgCre
498110,0,1,,wt
498110,1,0,,Ai14(RCL-tdT)
498110,1,1,,wt
498593,0,0,,Vipr2-IRES2-Cre
498593,0,1,,wt
498593,1,0,,Slc32a1-IRES2-FlpO
498593,1,1,,wt
498593,2,0,,Ai65(RCFL-tdT)
498593,2,1,,wt
499188,0,0,,Sncg-IRES2-FlpO-neo
499188,0,1,,wt
499188,1,0,,Ai65F
499188,1,1,,wt
499189,0,0,,Sncg-IRES2-FlpO-neo
499189,0,1,,wt
499189,1,0,,Ai65F
499189,1,1,,wt
499514,0,0,,Vipr2-IRES2-Cre
499514,0,1,,wt
499514,1,0,,Slc32a1-IRES2-FlpO
499514,1,1,,wt
499514,2,0,,Ai65(RCFL-tdT)
499514,2,1,,wt
499190,0,0,,Sncg-IRES2-FlpO-neo
499190,0,1,,wt
499190,1,0,,Ai65F
499190,1,1,,wt
500011,0,0,,Oxtr-T2A-Cre
500011,0,1,,wt
500011,1,0,,Ai14(RCL-tdT)
500011,1,1,,wt
499191,0,0,,Sncg-IRES2-FlpO-neo
499191,0,1,,wt
499191,1,0,,Ai65F
499191,1,1,,wt
500414,0,0,,Sncg-IRES2-FlpO-neo
500414,0,1,,wt
500414,1,0,,Ai65F
500414,1,1,,wt
500415,0,0,,Sncg-IRES2-FlpO-neo
500415,0,1,,wt
500415,1,0,,Ai65F
500415,1,1,,wt
500806,0,0,,Etv1-CreERT2
500806,0,1,,wt
500806,1,0,,Sst-IRES-FlpO
500806,1,1,,wt
500806,2,0,,Ai65(RCFL-tdT)
500806,2,1,,wt
500809,0,0,,Etv1-CreERT2
500809,0,1,,wt
500809,1,0,,Sst-IRES-FlpO
500809,1,1,,wt
500809,2,0,,Ai65(RCFL-tdT)
500809,2,1,,wt
500776,0,0,,Oxtr-T2A-Cre
500776,0,1,,wt
500776,1,0,,Ai14(RCL-tdT)
500776,1,1,,wt
508158,0,0,,Vipr2-IRES2-Cre
508158,0,1,,wt
508158,1,0,,Slc32a1-IRES2-FlpO
508158,1,1,,wt
508158,2,0,,Ai65(RCFL-tdT)
508158,2,1,,wt
508159,0,0,,Vipr2-IRES2-Cre
508159,0,1,,wt
508159,1,0,,Slc32a1-IRES2-FlpO
508159,1,1,,wt
508159,2,0,,Ai65(RCFL-tdT)
508159,2,1,,wt
