donor_id,donor_name,biological_sex,age,full_genotype
331294,Vip-IRES-Cre;Ai14-331294,M,P55,Vip-IRES-Cre/wt;Ai14(RCL-tdT)/wt
331663,Sst-IRES-Cre;Ai14-331663,F,P57,Sst-IRES-Cre/wt;Ai14(RCL-tdT)/wt
331660,Sst-IRES-Cre;Ai14-331660,M,P59,Sst-IRES-Cre/wt;Ai14(RCL-tdT)/wt
331657,Sst-IRES-Cre;Ai14-331657,M,P60,Sst-IRES-Cre/wt;Ai14(RCL-tdT)/wt
336703,Vip-IRES-Cre;Ai14-336703,M,P51,Vip-IRES-Cre/wt;Ai14(RCL-tdT)/wt
336139,Vip-IRES-Cre;Ai14-336139,M,P54,Vip-IRES-Cre/wt;Ai14(RCL-tdT)/wt
337417,Vipr2-IRES2-Cre;Slc32a1-T2A-FlpO;Ai65-337417,M,P55,Vipr2-IRES2-Cre/wt;Slc32a1-T2A-FlpO/wt;Ai65(RCFL-tdT)/wt
337416,Vipr2-IRES2-Cre;Slc32a1-T2A-FlpO;Ai65-337416,M,P56,Vipr2-IRES2-Cre/wt;Slc32a1-T2A-FlpO/wt;Ai65(RCFL-tdT)/wt
342915,Vip-IRES-Cre;Ai14-342915,M,P47,Vip-IRES-Cre/wt;Ai14(RCL-tdT)/wt
341889,Chat-IRES-Cre-neo;Ai14-341889,F,P54,Chat-IRES-Cre-neo/wt;Ai14(RCL-tdT)/wt
341890,Chat-IRES-Cre-neo;Ai14-341890,F,P55,Chat-IRES-Cre-neo/wt;Ai14(RCL-tdT)/wt
341891,Chat-IRES-Cre-neo;Ai14-341891,F,P56,Chat-IRES-Cre-neo/wt;Ai14(RCL-tdT)/wt
344090,Pvalb-IRES-Cre;Ai14-344090,F,P51,Pvalb-IRES-Cre/wt;Ai14(RCL-tdT)/wt
346778,Sst-IRES-Cre;Ai14-346778,M,P49,Sst-IRES-Cre/wt;Ai14(RCL-tdT)/wt
346780,Sst-IRES-Cre;Ai14-346780,M,P50,Sst-IRES-Cre/wt;Ai14(RCL-tdT)/wt
346782,Sst-IRES-Cre;Ai14-346782,F,P51,Sst-IRES-Cre/wt;Ai14(RCL-tdT)/wt
346783,Sst-IRES-Cre;Ai14-346783,F,P52,Sst-IRES-Cre/wt;Ai14(RCL-tdT)/wt
346784,Sst-IRES-Cre;Ai14-346784,F,P53,Sst-IRES-Cre/wt;Ai14(RCL-tdT)/wt
346909,Sst-IRES-Cre;Ai14-346909,M,P57,Sst-IRES-Cre/wt;Ai14(RCL-tdT)/wt
347064,Chrna2-Cre_OE25;Ai14-347064,F,P55,Chrna2-Cre_OE25/wt;Ai14(RCL-tdT)/wt
348727,Vip-IRES-Cre;Ai14-348727,M,P48,Vip-IRES-Cre/wt;Ai14(RCL-tdT)/wt
347157,Oxtr-T2A-Cre;Ai14-347157,F,P56,Oxtr-T2A-Cre/wt;Ai14(RCL-tdT)/wt
349020,Htr3a-Cre_NO152;Ai14-349020,M,P47,Htr3a-Cre_NO152/wt;Ai14(RCL-tdT)/wt
347843,Htr3a-Cre_NO152;Ai14-347843,M,P53,Htr3a-Cre_NO152/wt;Ai14(RCL-tdT)/wt
347579,Pvalb-IRES-Cre;Ai14-347579,F,P54,Pvalb-IRES-Cre/wt;Ai14(RCL-tdT)/wt
348725,Vip-IRES-Cre;Ai14-348725,M,P50,Vip-IRES-Cre/wt;Ai14(RCL-tdT)/wt
347159,Oxtr-T2A-Cre;Ai14-347159,F,P58,Oxtr-T2A-Cre/wt;Ai14(RCL-tdT)/wt
349007,Rorb-IRES2-Cre;Ai14-349007,M,P48,Rorb-IRES2-Cre/wt;Ai14(RCL-tdT)/wt
349028,Pvalb-IRES-Cre;Ai14-349028,M,P51,Pvalb-IRES-Cre/wt;Ai14(RCL-tdT)/wt
347203,Slc32a1-IRES-Cre;Ai14-347203,M,P60,Slc32a1-IRES-Cre/wt;Ai14(RCL-tdT)/wt
347204,Slc32a1-IRES-Cre;Ai14-347204,F,P61,Slc32a1-IRES-Cre/wt;Ai14(RCL-tdT)/wt
351462,Vip-IRES-Cre;Ai14-351462,F,P43,Vip-IRES-Cre/wt;Ai14(RCL-tdT)/wt
347205,Slc32a1-IRES-Cre;Ai14-347205,F,P62,Slc32a1-IRES-Cre/wt;Ai14(RCL-tdT)/wt
348997,Slc32a1-IRES-Cre;Ai14-348997,M,P54,Slc32a1-IRES-Cre/wt;Ai14(RCL-tdT)/wt
348998,Slc32a1-IRES-Cre;Ai14-348998,M,P55,Slc32a1-IRES-Cre/wt;Ai14(RCL-tdT)/wt
351458,Vip-IRES-Cre;Ai14-351458,M,P45,Vip-IRES-Cre/wt;Ai14(RCL-tdT)/wt
350671,Gad2-IRES-Cre;Ai14-350671,F,P46,Gad2-IRES-Cre/wt;Ai14(RCL-tdT)/wt
350672,Gad2-IRES-Cre;Ai14-350672,F,P49,Gad2-IRES-Cre/wt;Ai14(RCL-tdT)/wt
351067,Chrna2-Cre_OE25;Ai14-351067,M,P46,Chrna2-Cre_OE25/wt;Ai14(RCL-tdT)/wt
350674,Gad2-IRES-Cre;Ai14-350674,F,P50,Gad2-IRES-Cre/wt;Ai14(RCL-tdT)/wt
351070,Chrna2-Cre_OE25;Ai14-351070,F,P47,Chrna2-Cre_OE25/wt;Ai14(RCL-tdT)/wt
351470,Oxtr-T2A-Cre;Ai14-351470,M,P47,Oxtr-T2A-Cre/wt;Ai14(RCL-tdT)/wt
351471,Oxtr-T2A-Cre;Ai14-351471,M,P48,Oxtr-T2A-Cre/wt;Ai14(RCL-tdT)/wt
350938,Nos1-CreERT2;Sst-IRES-FlpO;Ai65-350938,F,P49,Nos1-CreERT2/wt;Sst-IRES-FlpO/wt;Ai65(RCFL-tdT)/wt
350675,Gad2-IRES-Cre;Ai14-350675,F,P51,Gad2-IRES-Cre/wt;Ai14(RCL-tdT)/wt
350676,Gad2-IRES-Cre;Ai14-350676,F,P52,Gad2-IRES-Cre/wt;Ai14(RCL-tdT)/wt
351472,Oxtr-T2A-Cre;Ai14-351472,F,P49,Oxtr-T2A-Cre/wt;Ai14(RCL-tdT)/wt
351473,Oxtr-T2A-Cre;Ai14-351473,F,P50,Oxtr-T2A-Cre/wt;Ai14(RCL-tdT)/wt
351080,Chrna2-Cre_OE25;Ai14-351080,M,P50,Chrna2-Cre_OE25/wt;Ai14(RCL-tdT)/wt
351990,Gad2-IRES-Cre;Ai14-351990,F,P46,Gad2-IRES-Cre/wt;Ai14(RCL-tdT)/wt
353735,Ndnf-IRES2-dgCre;Ai14-353735,M,P39,Ndnf-IRES2-dgCre/wt;Ai14(RCL-tdT)/wt
352686,Gad2-IRES-Cre;Ai14-352686,M,P45,Gad2-IRES-Cre/wt;Ai14(RCL-tdT)/wt
354376,Vip-IRES-Cre;Ai14-354376,M,P35,Vip-IRES-Cre/wt;Ai14(RCL-tdT)/wt
354378,Vip-IRES-Cre;Ai14-354378,M,P36,Vip-IRES-Cre/wt;Ai14(RCL-tdT)/wt
352688,Gad2-IRES-Cre;Ai14-352688,M,P46,Gad2-IRES-Cre/wt;Ai14(RCL-tdT)/wt
353737,Ndnf-IRES2-dgCre;Ai14-353737,M,P40,Ndnf-IRES2-dgCre/wt;Ai14(RCL-tdT)/wt
355068,Vip-IRES-Cre;Ai14-355068,F,P36,Vip-IRES-Cre/wt;Ai14(RCL-tdT)/wt
355066,Vip-IRES-Cre;Ai14-355066,M,P37,Vip-IRES-Cre/wt;Ai14(RCL-tdT)/wt
353740,Ndnf-IRES2-dgCre;Ai14-353740,F,P42,Ndnf-IRES2-dgCre/wt;Ai14(RCL-tdT)/wt
352690,Gad2-IRES-Cre;Ai14-352690,F,P49,Gad2-IRES-Cre/wt;Ai14(RCL-tdT)/wt
353427,Pdyn-T2A-CreERT2;Ai14-353427,M,P47,Pdyn-T2A-CreERT2/wt;Ai14(RCL-tdT)/wt
355016,Chrna2-Cre_OE25;Ai14-355016,M,P39,Chrna2-Cre_OE25/wt;Ai14(RCL-tdT)/wt
355017,Chrna2-Cre_OE25;Ai14-355017,M,P40,Chrna2-Cre_OE25/wt;Ai14(RCL-tdT)/wt
353887,Pdyn-T2A-CreERT2;Ai14-353887,M,P46,Pdyn-T2A-CreERT2/wt;Ai14(RCL-tdT)/wt
353430,Pdyn-T2A-CreERT2;Ai14-353430,M,P49,Pdyn-T2A-CreERT2/wt;Ai14(RCL-tdT)/wt
353543,Nos1-CreERT2;Sst-IRES-FlpO;Ai65-353543,F,P49,Nos1-CreERT2/wt;Sst-IRES-FlpO/wt;Ai65(RCFL-tdT)/wt
355475,Chrna2-Cre_OE25;Ai14-355475,M,P39,Chrna2-Cre_OE25/wt;Ai14(RCL-tdT)/wt
355060,Nr5a1-Cre;Ai14-355060,F,P42,Nr5a1-Cre/wt;Ai14(RCL-tdT)/wt
353884,Pdyn-T2A-CreERT2;Ai14-353884,M,P48,Pdyn-T2A-CreERT2/wt;Ai14(RCL-tdT)/wt
353653,Nos1-CreERT2;Sst-IRES-FlpO;Ai65-353653,F,P50,Nos1-CreERT2/wt;Sst-IRES-FlpO/wt;Ai65(RCFL-tdT)/wt
355476,Chrna2-Cre_OE25;Ai14-355476,F,P40,Chrna2-Cre_OE25/wt;Ai14(RCL-tdT)/wt
355477,Chrna2-Cre_OE25;Ai14-355477,F,P41,Chrna2-Cre_OE25/wt;Ai14(RCL-tdT)/wt
355478,Chrna2-Cre_OE25;Ai14-355478,F,P41,Chrna2-Cre_OE25/wt;Ai14(RCL-tdT)/wt
355222,Ndnf-IRES2-dgCre;Ai14-355222,M,P45,Ndnf-IRES2-dgCre/wt;Ai14(RCL-tdT)/wt
355223,Ndnf-IRES2-dgCre;Ai14-355223,M,P46,Ndnf-IRES2-dgCre/wt;Ai14(RCL-tdT)/wt
355295,Oxtr-T2A-Cre;Ai14-355295,M,P45,Oxtr-T2A-Cre/wt;Ai14(RCL-tdT)/wt
354958,Slc32a1-IRES-Cre;Ai14-354958,M,P47,Slc32a1-IRES-Cre/wt;Ai14(RCL-tdT)/wt
355230,Ndnf-IRES2-dgCre;Ai14-355230,F,P46,Ndnf-IRES2-dgCre/wt;Ai14(RCL-tdT)/wt
355894,Rorb-IRES2-Cre;Ai14-355894,F,P43,Rorb-IRES2-Cre/wt;Ai14(RCL-tdT)/wt
355585,Htr3a-Cre_NO152;Ai14-355585,M,P45,Htr3a-Cre_NO152/wt;Ai14(RCL-tdT)/wt
355224,Ndnf-IRES2-dgCre;Ai14-355224,M,P47,Ndnf-IRES2-dgCre/wt;Ai14(RCL-tdT)/wt
354959,Slc32a1-IRES-Cre;Ai14-354959,F,P48,Slc32a1-IRES-Cre/wt;Ai14(RCL-tdT)/wt
355586,Htr3a-Cre_NO152;Ai14-355586,M,P46,Htr3a-Cre_NO152/wt;Ai14(RCL-tdT)/wt
355298,Oxtr-T2A-Cre;Ai14-355298,F,P47,Oxtr-T2A-Cre/wt;Ai14(RCL-tdT)/wt
355226,Ndnf-IRES2-dgCre;Ai14-355226,F,P48,Ndnf-IRES2-dgCre/wt;Ai14(RCL-tdT)/wt
354960,Slc32a1-IRES-Cre;Ai14-354960,F,P49,Slc32a1-IRES-Cre/wt;Ai14(RCL-tdT)/wt
355591,Htr3a-Cre_NO152;Ai14-355591,F,P47,Htr3a-Cre_NO152/wt;Ai14(RCL-tdT)/wt
355228,Ndnf-IRES2-dgCre;Ai14-355228,F,P49,Ndnf-IRES2-dgCre/wt;Ai14(RCL-tdT)/wt
354751,Slc17a8-IRES2-Cre;Slc32a1-IRES2-FlpO-354751-Ai65,M,P54,Slc17a8-IRES2-Cre/wt;Slc32a1-IRES2-FlpO/wt;Ai65(RCFL-tdT)/wt
356148,Chrna2-Cre_OE25;Ai14-356148,M,P46,Chrna2-Cre_OE25/wt;Ai14(RCL-tdT)/wt
357010,Rbp4-Cre_KL100;Ai14-357010,F,P42,Rbp4-Cre_KL100/wt;Ai14(RCL-tdT)/wt
354752,Slc17a8-IRES2-Cre;Slc32a1-IRES2-FlpO-354752-Ai65,F,P55,Slc17a8-IRES2-Cre/wt;Slc32a1-IRES2-FlpO/wt;Ai65(RCFL-tdT)/wt
356149,Chrna2-Cre_OE25;Ai14-356149,M,P47,Chrna2-Cre_OE25/wt;Ai14(RCL-tdT)/wt
357929,Sst-IRES-Cre;Ai14-357929,M,P45,Sst-IRES-Cre/wt;Ai14(RCL-tdT)/wt
357944,Pvalb-IRES-Cre;Ai14-357944,F,P45,Pvalb-IRES-Cre/wt;Ai14(RCL-tdT)/wt
357945,Pvalb-IRES-Cre;Ai14-357945,F,P46,Pvalb-IRES-Cre/wt;Ai14(RCL-tdT)/wt
357671,Nos1-CreERT2;Sst-IRES-FlpO;Ai65-357671,F,P48,Nos1-CreERT2/wt;Sst-IRES-FlpO/wt;Ai65(RCFL-tdT)/wt
357930,Sst-IRES-Cre;Ai14-357930,F,P47,Sst-IRES-Cre/wt;Ai14(RCL-tdT)/wt
357946,Pvalb-IRES-Cre;Ai14-357946,F,P47,Pvalb-IRES-Cre/wt;Ai14(RCL-tdT)/wt
357931,Sst-IRES-Cre;Ai14-357931,F,P48,Sst-IRES-Cre/wt;Ai14(RCL-tdT)/wt
357932,Sst-IRES-Cre;Ai14-357932,F,P49,Sst-IRES-Cre/wt;Ai14(RCL-tdT)/wt
358733,Vip-IRES-Cre;Ai14-358733,M,P47,Vip-IRES-Cre/wt;Ai14(RCL-tdT)/wt
358735,Vip-IRES-Cre;Ai14-358735,M,P47,Vip-IRES-Cre/wt;Ai14(RCL-tdT)/wt
358736,Vip-IRES-Cre;Ai14-358736,M,P48,Vip-IRES-Cre/wt;Ai14(RCL-tdT)/wt
360215,Vip-IRES-Cre;Ai14-360215,F,P48,Vip-IRES-Cre/wt;Ai14(RCL-tdT)/wt
359332,Pvalb-IRES-Cre;Ai14-359332,M,P45,Pvalb-IRES-Cre/wt;Ai14(RCL-tdT)/wt
358882,Slc17a8-IRES2-Cre;Slc32a1-IRES2-FlpO-358882-Ai65,F,P48,Slc17a8-IRES2-Cre/wt;Slc32a1-IRES2-FlpO/wt;Ai65(RCFL-tdT)/wt
358898,Ndnf-IRES2-dgCre;Slc32a1-IRES2-FlpO;Ai65-358898,F,P48,Ndnf-IRES2-dgCre/wt;Slc32a1-IRES2-FlpO/wt;Ai65(RCFL-tdT)/wt
359335,Pvalb-IRES-Cre;Ai14-359335,F,P45,Pvalb-IRES-Cre/wt;Ai14(RCL-tdT)/wt
359503,Vip-IRES-Cre;Ai14-359503,M,P45,Vip-IRES-Cre/wt;Ai14(RCL-tdT)/wt
358881,Slc17a8-IRES2-Cre;Slc32a1-IRES2-FlpO-358881-Ai65,M,P49,Slc17a8-IRES2-Cre/wt;Slc32a1-IRES2-FlpO/wt;Ai65(RCFL-tdT)/wt
358897,Ndnf-IRES2-dgCre;Slc32a1-IRES2-FlpO;Ai65-358897,F,P49,Ndnf-IRES2-dgCre/wt;Slc32a1-IRES2-FlpO/wt;Ai65(RCFL-tdT)/wt
359343,Oxtr-T2A-Cre;Ai14-359343,M,P47,Oxtr-T2A-Cre/wt;Ai14(RCL-tdT)/wt
359342,Oxtr-T2A-Cre;Ai14-359342,M,P50,Oxtr-T2A-Cre/wt;Ai14(RCL-tdT)/wt
359509,Vip-IRES-Cre;Ai14-359509,M,P51,Vip-IRES-Cre/wt;Ai14(RCL-tdT)/wt
359337,Pvalb-IRES-Cre;Ai14-359337,F,P58,Pvalb-IRES-Cre/wt;Ai14(RCL-tdT)/wt
361706,Ndnf-IRES2-dgCre;Ai14-361706,F,P46,Ndnf-IRES2-dgCre/wt;Ai14(RCL-tdT)/wt
361705,Ndnf-IRES2-dgCre;Ai14-361705,M,P46,Ndnf-IRES2-dgCre/wt;Ai14(RCL-tdT)/wt
362360,Crh-IRES-Cre_ZJH;Sst-IRES-FlpO;Ai65-362360,F,P42,Crh-IRES-Cre_ZJH/wt;Sst-IRES-FlpO/wt;Ai65(RCFL-tdT)/wt
362355,Crh-IRES-Cre_ZJH;Sst-IRES-FlpO;Ai65-362355,M,P43,Crh-IRES-Cre_ZJH/wt;Sst-IRES-FlpO/wt;Ai65(RCFL-tdT)/wt
362153,Gad2-IRES-Cre;Ai14-362153,F,P44,Gad2-IRES-Cre/wt;Ai14(RCL-tdT)/wt
362357,Crh-IRES-Cre_ZJH;Sst-IRES-FlpO;Ai65-362357,M,P43,Crh-IRES-Cre_ZJH/wt;Sst-IRES-FlpO/wt;Ai65(RCFL-tdT)/wt
362155,Rbp4-Cre_KL100;Ai14-362155,M,P46,Rbp4-Cre_KL100/wt;Ai14(RCL-tdT)/wt
361703,Ndnf-IRES2-dgCre;Ai14-361703,M,P49,Ndnf-IRES2-dgCre/wt;Ai14(RCL-tdT)/wt
360614,Tac1-IRES2-Cre;Sst-IRES-FlpO;Ai65-360614,M,P54,Tac1-IRES2-Cre/wt;Sst-IRES-FlpO/wt;Ai65(RCFL-tdT)/wt
362150,Gad2-IRES-Cre;Ai14-362150,F,P49,Gad2-IRES-Cre/wt;Ai14(RCL-tdT)/wt
362805,Chrna2-Cre_OE25;Ai14-362805,M,P45,Chrna2-Cre_OE25/wt;Ai14(RCL-tdT)/wt
360542,Vipr2-IRES2-Cre;Ai14-360542,F,P59,Vipr2-IRES2-Cre/wt;Ai14(RCL-tdT)/wt
362809,Chrna2-Cre_OE25;Ai14-362809,F,P46,Chrna2-Cre_OE25/wt;Ai14(RCL-tdT)/wt
359786,Vipr2-IRES2-Cre;Ai14-359786,M,P63,Vipr2-IRES2-Cre/wt;Ai14(RCL-tdT)/wt
362149,Gad2-IRES-Cre;Ai14-362149,M,P51,Gad2-IRES-Cre/wt;Ai14(RCL-tdT)/wt
362810,Chrna2-Cre_OE25;Ai14-362810,F,P48,Chrna2-Cre_OE25/wt;Ai14(RCL-tdT)/wt
362878,Cux2-CreERT2;Ai14-362878,M,P48,Cux2-CreERT2/wt;Ai14(RCL-tdT)/wt
362995,Chrna2-Cre_OE25;Ai14-362995,F,P48,Chrna2-Cre_OE25/wt;Ai14(RCL-tdT)/wt
362883,Cux2-CreERT2;Ai14-362883,F,P49,Cux2-CreERT2/wt;Ai14(RCL-tdT)/wt
359788,Vipr2-IRES2-Cre;Ai14-359788,F,P65,Vipr2-IRES2-Cre/wt;Ai14(RCL-tdT)/wt
363968,Ndnf-IRES2-dgCre;Ai14-363968,M,P43,Ndnf-IRES2-dgCre/wt;Ai14(RCL-tdT)/wt
362806,Chrna2-Cre_OE25;Ai14-362806,M,P52,Chrna2-Cre_OE25/wt;Ai14(RCL-tdT)/wt
361253,Htr3a-Cre_NO152;Ai14-361253,M,P62,Htr3a-Cre_NO152/wt;Ai14(RCL-tdT)/wt
363973,Ndnf-IRES2-dgCre;Ai14-363973,F,P46,Ndnf-IRES2-dgCre/wt;Ai14(RCL-tdT)/wt
363961,Pdyn-T2A-CreERT2;Ai14-363961,F,P46,Pdyn-T2A-CreERT2/wt;Ai14(RCL-tdT)/wt
363949,Slc32a1-IRES2-FlpO;Ai65F-363949,F,P47,Slc32a1-IRES2-FlpO/wt;Ai65F/wt
363967,Ndnf-IRES2-dgCre;Ai14-363967,M,P47,Ndnf-IRES2-dgCre/wt;Ai14(RCL-tdT)/wt
361815,Ntsr1-Cre_GN220;Ai14-361815,M,P62,Ntsr1-Cre_GN220/wt;Ai14(RCL-tdT)/wt
363957,Pdyn-T2A-CreERT2;Ai14-363957,M,P50,Pdyn-T2A-CreERT2/wt;Ai14(RCL-tdT)/wt
363969,Ndnf-IRES2-dgCre;Ai14-363969,M,P50,Ndnf-IRES2-dgCre/wt;Ai14(RCL-tdT)/wt
363788,Slc17a8-IRES2-Cre;Slc32a1-IRES2-FlpO-363788-Ai65,M,P51,Slc17a8-IRES2-Cre/wt;Slc32a1-IRES2-FlpO/wt;Ai65(RCFL-tdT)/wt
363946,Slc32a1-IRES2-FlpO;Ai65F-363946,M,P54,Slc32a1-IRES2-FlpO/wt;Ai65F/wt
363633,Vip-IRES-Cre;Ai14-363633,M,P56,Vip-IRES-Cre/wt;Ai14(RCL-tdT)/wt
364559,Slc32a1-IRES-Cre;Ai14-364559,F,P51,Slc32a1-IRES-Cre/wt;Ai14(RCL-tdT)/wt
364379,Chat-IRES-Cre-neo;Ai14-364379,M,P51,Chat-IRES-Cre-neo/wt;Ai14(RCL-tdT)/wt
364380,Chat-IRES-Cre-neo;Ai14-364380,M,P52,Chat-IRES-Cre-neo/wt;Ai14(RCL-tdT)/wt
364558,Slc32a1-IRES-Cre;Ai14-364558,M,P52,Slc32a1-IRES-Cre/wt;Ai14(RCL-tdT)/wt
364381,Chat-IRES-Cre-neo;Ai14-364381,F,P53,Chat-IRES-Cre-neo/wt;Ai14(RCL-tdT)/wt
366659,Pdyn-T2A-CreERT2;Ai14-366659,M,P53,Pdyn-T2A-CreERT2/wt;Ai14(RCL-tdT)/wt
365769,Chat-IRES-Cre-neo;Ai14-365769,F,P57,Chat-IRES-Cre-neo/wt;Ai14(RCL-tdT)/wt
366660,Pdyn-T2A-CreERT2;Ai14-366660,F,P54,Pdyn-T2A-CreERT2/wt;Ai14(RCL-tdT)/wt
366183,Calb2-IRES-Cre;Sst-IRES-FlpO;Ai65-366183,F,P56,Calb2-IRES-Cre/wt;Sst-IRES-FlpO/wt;Ai65(RCFL-tdT)/wt
366034,Crh-IRES-Cre_ZJH;Sst-IRES-FlpO;Ai65-366034,M,P58,Crh-IRES-Cre_ZJH/wt;Sst-IRES-FlpO/wt;Ai65(RCFL-tdT)/wt
367206,Nos1-CreERT2;Ai14-367206,M,P54,Nos1-CreERT2/wt;Ai14(RCL-tdT)/wt
367940,Vipr2-IRES2-Cre;Pvalb-T2A-FlpO;Ai65-367940,M,P52,Vipr2-IRES2-Cre/wt;Pvalb-T2A-FlpO/wt;Ai65(RCFL-tdT)/wt
367169,Chrna2-Cre_OE25;Ai14-367169,M,P56,Chrna2-Cre_OE25/wt;Ai14(RCL-tdT)/wt
367630,Chat-IRES-Cre-neo;Ai14-367630,M,P53,Chat-IRES-Cre-neo/wt;Ai14(RCL-tdT)/wt
367631,Chat-IRES-Cre-neo;Ai14-367631,M,P54,Chat-IRES-Cre-neo/wt;Ai14(RCL-tdT)/wt
367714,Vipr2-IRES2-Cre;Slc32a1-T2A-FlpO;Ai65-367714,F,P54,Vipr2-IRES2-Cre/wt;Slc32a1-T2A-FlpO/wt;Ai65(RCFL-tdT)/wt
366688,Vip-IRES-Cre;Ai14-366688,F,P60,Vip-IRES-Cre/wt;Ai14(RCL-tdT)/wt
367956,Pdyn-T2A-CreERT2;Ai14-367956,M,P53,Pdyn-T2A-CreERT2/wt;Ai14(RCL-tdT)/wt
367205,Nos1-CreERT2;Ai14-367205,M,P55,Nos1-CreERT2/wt;Ai14(RCL-tdT)/wt
366689,Vip-IRES-Cre;Ai14-366689,F,P61,Vip-IRES-Cre/wt;Ai14(RCL-tdT)/wt
367171,Chrna2-Cre_OE25;Ai14-367171,F,P58,Chrna2-Cre_OE25/wt;Ai14(RCL-tdT)/wt
368792,Vipr2-IRES2-Cre;Slc32a1-T2A-FlpO;Ai65-368792,F,P55,Vipr2-IRES2-Cre/wt;Slc32a1-T2A-FlpO/wt;Ai65(RCFL-tdT)/wt
367632,Chat-IRES-Cre-neo;Ai14-367632,F,P56,Chat-IRES-Cre-neo/wt;Ai14(RCL-tdT)/wt
367633,Chat-IRES-Cre-neo;Ai14-367633,F,P57,Chat-IRES-Cre-neo/wt;Ai14(RCL-tdT)/wt
367172,Chrna2-Cre_OE25;Ai14-367172,F,P60,Chrna2-Cre_OE25/wt;Ai14(RCL-tdT)/wt
367208,Nos1-CreERT2;Ai14-367208,F,P58,Nos1-CreERT2/wt;Ai14(RCL-tdT)/wt
368658,Htr3a-Cre_NO152;Ai14-368658,M,P55,Htr3a-Cre_NO152/wt;Ai14(RCL-tdT)/wt
368770,Sst-IRES-Cre;Ai14-368770,M,P56,Sst-IRES-Cre/wt;Ai14(RCL-tdT)/wt
368659,Htr3a-Cre_NO152;Ai14-368659,M,P55,Htr3a-Cre_NO152/wt;Ai14(RCL-tdT)/wt
368553,Vip-IRES-Cre;Ai14-368553,M,P56,Vip-IRES-Cre/wt;Ai14(RCL-tdT)/wt
368771,Sst-IRES-Cre;Ai14-368771,M,P57,Sst-IRES-Cre/wt;Ai14(RCL-tdT)/wt
368852,Ndnf-IRES2-dgCre;Ai14-368852,M,P56,Ndnf-IRES2-dgCre/wt;Ai14(RCL-tdT)/wt
368853,Ndnf-IRES2-dgCre;Ai14-368853,F,P56,Ndnf-IRES2-dgCre/wt;Ai14(RCL-tdT)/wt
370041,Sst-IRES-Cre;Ai14-370041,F,P59,Sst-IRES-Cre/wt;Ai14(RCL-tdT)/wt
367634,Chat-IRES-Cre-neo;Ai14-367634,M,9 wks,Chat-IRES-Cre-neo/wt;Ai14(RCL-tdT)/wt
368545,Sst-IRES-Cre;Ai14-368545,M,P60,Sst-IRES-Cre/wt;Ai14(RCL-tdT)/wt
363501,Th-Cre_FI172;Ai14-363501,M,P87,Th-Cre_FI172/wt;Ai14(RCL-tdT)/wt
365757,Slc17a8-IRES2-Cre;Slc32a1-IRES2-FlpO-365757-Ai65,F,P77,Slc17a8-IRES2-Cre/wt;Slc32a1-IRES2-FlpO/wt;Ai65(RCFL-tdT)/wt
368860,Htr3a-Cre_NO152;Ai14-368860,M,P61,Htr3a-Cre_NO152/wt;Ai14(RCL-tdT)/wt
370362,Tac1-IRES2-Cre;Sst-IRES-FlpO;Ai65-370362,F,P53,Tac1-IRES2-Cre/wt;Sst-IRES-FlpO/wt;Ai65(RCFL-tdT)/wt
368549,Sst-IRES-Cre;Ai14-368549,F,P63,Sst-IRES-Cre/wt;Ai14(RCL-tdT)/wt
368761,Ndnf-IRES2-dgCre;Slc32a1-IRES2-FlpO;Ai65-368761,M,P62,Ndnf-IRES2-dgCre/wt;Slc32a1-IRES2-FlpO/wt;Ai65(RCFL-tdT)/wt
368861,Htr3a-Cre_NO152;Ai14-368861,F,P62,Htr3a-Cre_NO152/wt;Ai14(RCL-tdT)/wt
370735,Vip-IRES-Cre;Ai14-370735,M,P52,Vip-IRES-Cre/wt;Ai14(RCL-tdT)/wt
370680,Oxtr-T2A-Cre;Pvalb-T2A-FlpO;Ai65-370680,F,P53,Oxtr-T2A-Cre/wt;Pvalb-T2A-FlpO/wt;Ai65(RCFL-tdT)/wt
368862,Htr3a-Cre_NO152;Ai14-368862,F,P63,Htr3a-Cre_NO152/wt;Ai14(RCL-tdT)/wt
370501,Pvalb-IRES-Cre;Ai14-370501,M,P54,Pvalb-IRES-Cre/wt;Ai14(RCL-tdT)/wt
368863,Htr3a-Cre_NO152;Ai14-368863,F,P63,Htr3a-Cre_NO152/wt;Ai14(RCL-tdT)/wt
370683,Oxtr-T2A-Cre;Pvalb-T2A-FlpO;Ai65-370683,F,P54,Oxtr-T2A-Cre/wt;Pvalb-T2A-FlpO/wt;Ai65(RCFL-tdT)/wt
368864,Htr3a-Cre_NO152;Ai14-368864,F,P64,Htr3a-Cre_NO152/wt;Ai14(RCL-tdT)/wt
370361,Tac1-IRES2-Cre;Sst-IRES-FlpO;Ai65-370361,F,P57,Tac1-IRES2-Cre/wt;Sst-IRES-FlpO/wt;Ai65(RCFL-tdT)/wt
370739,Vip-IRES-Cre;Ai14-370739,F,P55,Vip-IRES-Cre/wt;Ai14(RCL-tdT)/wt
368865,Htr3a-Cre_NO152;Ai14-368865,F,P65,Htr3a-Cre_NO152/wt;Ai14(RCL-tdT)/wt
370736,Vip-IRES-Cre;Ai14-370736,M,P55,Vip-IRES-Cre/wt;Ai14(RCL-tdT)/wt
372260,Nos1-CreERT2;Sst-IRES-FlpO;Ai65-372260,M,P49,Nos1-CreERT2/wt;Sst-IRES-FlpO/wt;Ai65(RCFL-tdT)/wt
372545,Sst-IRES-Cre;Ai14-372545,M,P48,Sst-IRES-Cre/wt;Ai14(RCL-tdT)/wt
372433,Chat-IRES-Cre-neo;Ai14-372433,M,P48,Chat-IRES-Cre-neo/wt;Ai14(RCL-tdT)/wt
372546,Sst-IRES-Cre;Ai14-372546,F,P49,Sst-IRES-Cre/wt;Ai14(RCL-tdT)/wt
372795,Htr3a-Cre_NO152;Ai14-372795,M,P47,Htr3a-Cre_NO152/wt;Ai14(RCL-tdT)/wt
372548,Sst-IRES-Cre;Ai14-372548,F,P50,Sst-IRES-Cre/wt;Ai14(RCL-tdT)/wt
373524,Pdyn-T2A-CreERT2;Ai14-373524,F,P47,Pdyn-T2A-CreERT2/wt;Ai14(RCL-tdT)/wt
372436,Chat-IRES-Cre-neo;Ai14-372436,M,P50,Chat-IRES-Cre-neo/wt;Ai14(RCL-tdT)/wt
372437,Chat-IRES-Cre-neo;Ai14-372437,F,P51,Chat-IRES-Cre-neo/wt;Ai14(RCL-tdT)/wt
372549,Sst-IRES-Cre;Ai14-372549,F,P52,Sst-IRES-Cre/wt;Ai14(RCL-tdT)/wt
372685,Chrna2-Cre_OE25;Ai14-372685,F,P51,Chrna2-Cre_OE25/wt;Ai14(RCL-tdT)/wt
372438,Chat-IRES-Cre-neo;Ai14-372438,F,P52,Chat-IRES-Cre-neo/wt;Ai14(RCL-tdT)/wt
374736,Crh-IRES-Cre_ZJH;Sst-IRES-FlpO;Ai65-374736,M,P43,Crh-IRES-Cre_ZJH/wt;Sst-IRES-FlpO/wt;Ai65(RCFL-tdT)/wt
374838,Chat-IRES-Cre-neo;Ai14-374838,M,P42,Chat-IRES-Cre-neo/wt;Ai14(RCL-tdT)/wt
373812,Vip-IRES-Cre;Ai14-373812,F,P48,Vip-IRES-Cre/wt;Ai14(RCL-tdT)/wt
373623,Chat-IRES-Cre-neo;Ai14-373623,M,P48,Chat-IRES-Cre-neo/wt;Ai14(RCL-tdT)/wt
374738,Crh-IRES-Cre_ZJH;Sst-IRES-FlpO;Ai65-374738,F,P44,Crh-IRES-Cre_ZJH/wt;Sst-IRES-FlpO/wt;Ai65(RCFL-tdT)/wt
374839,Chat-IRES-Cre-neo;Ai14-374839,M,P43,Chat-IRES-Cre-neo/wt;Ai14(RCL-tdT)/wt
374536,Oxtr-T2A-Cre;Ai14-374536,F,P45,Oxtr-T2A-Cre/wt;Ai14(RCL-tdT)/wt
374836,Chat-IRES-Cre-neo;Ai14-374836,M,P43,Chat-IRES-Cre-neo/wt;Ai14(RCL-tdT)/wt
374837,Chat-IRES-Cre-neo;Ai14-374837,M,P43,Chat-IRES-Cre-neo/wt;Ai14(RCL-tdT)/wt
374537,Oxtr-T2A-Cre;Ai14-374537,F,P46,Oxtr-T2A-Cre/wt;Ai14(RCL-tdT)/wt
374840,Chat-IRES-Cre-neo;Ai14-374840,M,P44,Chat-IRES-Cre-neo/wt;Ai14(RCL-tdT)/wt
373625,Chat-IRES-Cre-neo;Ai14-373625,F,P50,Chat-IRES-Cre-neo/wt;Ai14(RCL-tdT)/wt
375844,Pvalb-IRES-Cre;Ai14-375844,M,P42,Pvalb-IRES-Cre/wt;Ai14(RCL-tdT)/wt
375845,Pvalb-IRES-Cre;Ai14-375845,M,P43,Pvalb-IRES-Cre/wt;Ai14(RCL-tdT)/wt
376198,Sst-IRES-Cre;Ai14-376198,M,P47,Sst-IRES-Cre/wt;Ai14(RCL-tdT)/wt
376066,Htr3a-Cre_NO152;Ai14-376066,M,P48,Htr3a-Cre_NO152/wt;Ai14(RCL-tdT)/wt
375847,Pvalb-IRES-Cre;Ai14-375847,M,P49,Pvalb-IRES-Cre/wt;Ai14(RCL-tdT)/wt
376201,Sst-IRES-Cre;Ai14-376201,F,P48,Sst-IRES-Cre/wt;Ai14(RCL-tdT)/wt
376967,Pvalb-IRES-Cre;Ai14-376967,M,P44,Pvalb-IRES-Cre/wt;Ai14(RCL-tdT)/wt
376203,Sst-IRES-Cre;Ai14-376203,F,P49,Sst-IRES-Cre/wt;Ai14(RCL-tdT)/wt
376970,Pvalb-IRES-Cre;Ai14-376970,F,P44,Pvalb-IRES-Cre/wt;Ai14(RCL-tdT)/wt
376202,Sst-IRES-Cre;Ai14-376202,F,P54,Sst-IRES-Cre/wt;Ai14(RCL-tdT)/wt
377309,Ndnf-IRES2-dgCre;Ai14-377309,M,P48,Ndnf-IRES2-dgCre/wt;Ai14(RCL-tdT)/wt
376995,Slc17a6-IRES-Cre;Ai14-376995,F,P49,Slc17a6-IRES-Cre/wt;Ai14(RCL-tdT)/wt
376204,Sst-IRES-Cre;Ai14-376204,F,P55,Sst-IRES-Cre/wt;Ai14(RCL-tdT)/wt
377310,Ndnf-IRES2-dgCre;Ai14-377310,M,P49,Ndnf-IRES2-dgCre/wt;Ai14(RCL-tdT)/wt
377313,Ndnf-IRES2-dgCre;Ai14-377313,M,P49,Ndnf-IRES2-dgCre/wt;Ai14(RCL-tdT)/wt
376205,Sst-IRES-Cre;Ai14-376205,F,P56,Sst-IRES-Cre/wt;Ai14(RCL-tdT)/wt
377316,Ndnf-IRES2-dgCre;Ai14-377316,F,P50,Ndnf-IRES2-dgCre/wt;Ai14(RCL-tdT)/wt
377300,Vip-IRES-Cre;Ai14-377300,F,P50,Vip-IRES-Cre/wt;Ai14(RCL-tdT)/wt
378475,Ndnf-IRES2-dgCre;Ai14-378475,F,P50,Ndnf-IRES2-dgCre/wt;Ai14(RCL-tdT)/wt
376206,Sst-IRES-Cre;Ai14-376206,F,P58,Sst-IRES-Cre/wt;Ai14(RCL-tdT)/wt
376837,Sst-IRES-Cre;Ai14-376837,F,P54,Sst-IRES-Cre/wt;Ai14(RCL-tdT)/wt
378110,Ndnf-IRES2-dgCre;Slc32a1-IRES2-FlpO;Ai65-378110,M,P49,Ndnf-IRES2-dgCre/wt;Slc32a1-IRES2-FlpO/wt;Ai65(RCFL-tdT)/wt
377369,Nos1-CreERT2;Sst-IRES-FlpO;Ai65-377369,M,P54,Nos1-CreERT2/wt;Sst-IRES-FlpO/wt;Ai65(RCFL-tdT)/wt
378389,Pvalb-IRES-Cre;Ai14-378389,M,P47,Pvalb-IRES-Cre/wt;Ai14(RCL-tdT)/wt
378386,Pvalb-IRES-Cre;Ai14-378386,M,P48,Pvalb-IRES-Cre/wt;Ai14(RCL-tdT)/wt
377372,Nos1-CreERT2;Sst-IRES-FlpO;Ai65-377372,M,P55,Nos1-CreERT2/wt;Sst-IRES-FlpO/wt;Ai65(RCFL-tdT)/wt
378390,Pvalb-IRES-Cre;Ai14-378390,M,P48,Pvalb-IRES-Cre/wt;Ai14(RCL-tdT)/wt
378108,Ndnf-IRES2-dgCre;Slc32a1-IRES2-FlpO;Ai65-378108,M,P51,Ndnf-IRES2-dgCre/wt;Slc32a1-IRES2-FlpO/wt;Ai65(RCFL-tdT)/wt
378262,Crh-IRES-Cre_ZJH;Sst-IRES-FlpO;Ai65-378262,F,P51,Crh-IRES-Cre_ZJH/wt;Sst-IRES-FlpO/wt;Ai65(RCFL-tdT)/wt
377304,Vip-IRES-Cre;Ai14-377304,F,P57,Vip-IRES-Cre/wt;Ai14(RCL-tdT)/wt
378388,Pvalb-IRES-Cre;Ai14-378388,M,P51,Pvalb-IRES-Cre/wt;Ai14(RCL-tdT)/wt
379134,Chrna2-Cre_OE25;Ai14-379134,F,P48,Chrna2-Cre_OE25/wt;Ai14(RCL-tdT)/wt
379873,Ndnf-IRES2-dgCre;Ai14-379873,F,P44,Ndnf-IRES2-dgCre/wt;Ai14(RCL-tdT)/wt
379882,Npr3-IRES2-Cre;Sst-IRES-FlpO;Ai65-379882,F,P45,Npr3-IRES2-Cre/wt;Sst-IRES-FlpO/wt;Ai65(RCFL-tdT)/wt
379136,Chrna2-Cre_OE25;Ai14-379136,F,P50,Chrna2-Cre_OE25/wt;Ai14(RCL-tdT)/wt
379874,Ndnf-IRES2-dgCre;Ai14-379874,F,P46,Ndnf-IRES2-dgCre/wt;Ai14(RCL-tdT)/wt
379844,Slc32a1-IRES-Cre;Ai14-379844,M,P48,Slc32a1-IRES-Cre/wt;Ai14(RCL-tdT)/wt
379845,Slc32a1-IRES-Cre;Ai14-379845,M,P49,Slc32a1-IRES-Cre/wt;Ai14(RCL-tdT)/wt
379152,Chrna2-Cre_OE25;Ai14-379152,M,P51,Chrna2-Cre_OE25/wt;Ai14(RCL-tdT)/wt
379153,Chrna2-Cre_OE25;Ai14-379153,M,P52,Chrna2-Cre_OE25/wt;Ai14(RCL-tdT)/wt
379843,Slc32a1-IRES-Cre;Ai14-379843,M,P50,Slc32a1-IRES-Cre/wt;Ai14(RCL-tdT)/wt
379866,Ndnf-IRES2-dgCre;Ai14-379866,M,P48,Ndnf-IRES2-dgCre/wt;Ai14(RCL-tdT)/wt
381578,Sst-IRES-Cre;Ai14-381578,F,P43,Sst-IRES-Cre/wt;Ai14(RCL-tdT)/wt
380351,Pvalb-IRES-Cre;Ai14-380351,F,P49,Pvalb-IRES-Cre/wt;Ai14(RCL-tdT)/wt
380156,Ndnf-IRES2-dgCre;Slc32a1-IRES2-FlpO;Ai65-380156,M,P50,Ndnf-IRES2-dgCre/wt;Slc32a1-IRES2-FlpO/wt;Ai65(RCFL-tdT)/wt
381042,Htr3a-Cre_NO152;Ai14-381042,M,P46,Htr3a-Cre_NO152/wt;Ai14(RCL-tdT)/wt
381580,Sst-IRES-Cre;Ai14-381580,F,P44,Sst-IRES-Cre/wt;Ai14(RCL-tdT)/wt
380160,Ndnf-IRES2-dgCre;Slc32a1-IRES2-FlpO;Ai65-380160,M,P51,Ndnf-IRES2-dgCre/wt;Slc32a1-IRES2-FlpO/wt;Ai65(RCFL-tdT)/wt
381045,Htr3a-Cre_NO152;Ai14-381045,F,P47,Htr3a-Cre_NO152/wt;Ai14(RCL-tdT)/wt
380161,Ndnf-IRES2-dgCre;Slc32a1-IRES2-FlpO;Ai65-380161,M,P52,Ndnf-IRES2-dgCre/wt;Slc32a1-IRES2-FlpO/wt;Ai65(RCFL-tdT)/wt
381047,Htr3a-Cre_NO152;Ai14-381047,F,P48,Htr3a-Cre_NO152/wt;Ai14(RCL-tdT)/wt
381048,Htr3a-Cre_NO152;Ai14-381048,F,P50,Htr3a-Cre_NO152/wt;Ai14(RCL-tdT)/wt
379154,Chrna2-Cre_OE25;Ai14-379154,M,P59,Chrna2-Cre_OE25/wt;Ai14(RCL-tdT)/wt
381886,Vip-IRES-Cre;Ai14-381886,M,P49,Vip-IRES-Cre/wt;Ai14(RCL-tdT)/wt
380655,Gad2-IRES-Cre;Ai14-380655,F,P56,Gad2-IRES-Cre/wt;Ai14(RCL-tdT)/wt
381810,Ndnf-IRES2-dgCre;Slc32a1-IRES2-FlpO;Ai65-381810,F,P58,Ndnf-IRES2-dgCre/wt;Slc32a1-IRES2-FlpO/wt;Ai65(RCFL-tdT)/wt
381891,Vip-IRES-Cre;Ai14-381891,F,P52,Vip-IRES-Cre/wt;Ai14(RCL-tdT)/wt
381164,Chrna2-Cre_OE25;Pvalb-T2A-FlpO;Ai65-381164,M,P56,Chrna2-Cre_OE25/wt;Pvalb-T2A-FlpO/wt;Ai65(RCFL-tdT)/wt
382260,Vip-IRES-Cre;Ai14-382260,M,P50,Vip-IRES-Cre/wt;Ai14(RCL-tdT)/wt
382382,Slc17a8-IRES2-Cre;Ai14-382382,F,P49,Slc17a8-IRES2-Cre/wt;Ai14(RCL-tdT)/wt
382539,Sst-IRES-Cre;Ai14-382539,M,P51,Sst-IRES-Cre/wt;Ai14(RCL-tdT)/wt
382261,Vip-IRES-Cre;Ai14-382261,F,P53,Vip-IRES-Cre/wt;Ai14(RCL-tdT)/wt
382502,Th-Cre_FI172;Ai14-382502,F,P51,Th-Cre_FI172/wt;Ai14(RCL-tdT)/wt
382542,Sst-IRES-Cre;Ai14-382542,F,P52,Sst-IRES-Cre/wt;Ai14(RCL-tdT)/wt
382512,Slc17a7-IRES2-Cre;Ai14-382512,M,P52,Slc17a7-IRES2-Cre/wt;Ai14(RCL-tdT)/wt
382262,Vip-IRES-Cre;Ai14-382262,F,P54,Vip-IRES-Cre/wt;Ai14(RCL-tdT)/wt
382500,Th-Cre_FI172;Ai14-382500,M,P52,Th-Cre_FI172/wt;Ai14(RCL-tdT)/wt
382543,Sst-IRES-Cre;Ai14-382543,F,P53,Sst-IRES-Cre/wt;Ai14(RCL-tdT)/wt
382769,Slc32a1-IRES-Cre;Ai14-382769,M,P51,Slc32a1-IRES-Cre/wt;Ai14(RCL-tdT)/wt
382501,Th-Cre_FI172;Ai14-382501,M,P53,Th-Cre_FI172/wt;Ai14(RCL-tdT)/wt
381889,Vip-IRES-Cre;Ai14-381889,F,P50,Vip-IRES-Cre/wt;Ai14(RCL-tdT)/wt
382544,Sst-IRES-Cre;Ai14-382544,F,P55,Sst-IRES-Cre/wt;Ai14(RCL-tdT)/wt
381904,Oxtr-T2A-Cre;Ai14-381904,M,P50,Oxtr-T2A-Cre/wt;Ai14(RCL-tdT)/wt
382770,Slc32a1-IRES-Cre;Ai14-382770,M,P53,Slc32a1-IRES-Cre/wt;Ai14(RCL-tdT)/wt
381812,Ndnf-IRES2-dgCre;Slc32a1-IRES2-FlpO;Ai65-381812,F,P59,Ndnf-IRES2-dgCre/wt;Slc32a1-IRES2-FlpO/wt;Ai65(RCFL-tdT)/wt
382695,Gad2-IRES-Cre;Ai14-382695,F,P54,Gad2-IRES-Cre/wt;Ai14(RCL-tdT)/wt
382513,Slc17a7-IRES2-Cre;Ai14-382513,F,P55,Slc17a7-IRES2-Cre/wt;Ai14(RCL-tdT)/wt
383084,Vip-IRES-Cre;Ai14-383084,M,P55,Vip-IRES-Cre/wt;Ai14(RCL-tdT)/wt
383358,Vip-IRES-Cre;Ai14-383358,F,P54,Vip-IRES-Cre/wt;Ai14(RCL-tdT)/wt
383626,Pvalb-IRES-Cre;Ai14-383626,M,P53,Pvalb-IRES-Cre/wt;Ai14(RCL-tdT)/wt
383085,Vip-IRES-Cre;Ai14-383085,M,P56,Vip-IRES-Cre/wt;Ai14(RCL-tdT)/wt
384210,Slc32a1-IRES-Cre;Ai14-384210,M,P50,Slc32a1-IRES-Cre/wt;Ai14(RCL-tdT)/wt
383086,Vip-IRES-Cre;Ai14-383086,M,P57,Vip-IRES-Cre/wt;Ai14(RCL-tdT)/wt
384211,Slc32a1-IRES-Cre;Ai14-384211,M,P51,Slc32a1-IRES-Cre/wt;Ai14(RCL-tdT)/wt
383628,Pvalb-IRES-Cre;Ai14-383628,M,P55,Pvalb-IRES-Cre/wt;Ai14(RCL-tdT)/wt
383357,Vip-IRES-Cre;Ai14-383357,M,P58,Vip-IRES-Cre/wt;Ai14(RCL-tdT)/wt
383745,Gad2-IRES-Cre;Ai14-383745,M,P56,Gad2-IRES-Cre/wt;Ai14(RCL-tdT)/wt
383629,Pvalb-IRES-Cre;Ai14-383629,M,P57,Pvalb-IRES-Cre/wt;Ai14(RCL-tdT)/wt
385813,Sst-IRES-Cre;Ai14-385813,M,P49,Sst-IRES-Cre/wt;Ai14(RCL-tdT)/wt
385205,Chrna2-Cre_OE25;Vip-IRES-FlpO;Ai65-385205,M,P51,Chrna2-Cre_OE25/wt;Vip-IRES-FlpO/wt;Ai65(RCFL-tdT)/wt
384859,Gad2-IRES-Cre;Ai14-384859,M,P53,Gad2-IRES-Cre/wt;Ai14(RCL-tdT)/wt
385815,Sst-IRES-Cre;Ai14-385815,F,P50,Sst-IRES-Cre/wt;Ai14(RCL-tdT)/wt
384679,Etv1-CreERT2;Pvalb-T2A-FlpO;Ai65-384679,M,P60,Etv1-CreERT2/wt;Pvalb-T2A-FlpO/wt;Ai65(RCFL-tdT)/wt
384861,Gad2-IRES-Cre;Ai14-384861,M,P54,Gad2-IRES-Cre/wt;Ai14(RCL-tdT)/wt
385817,Sst-IRES-Cre;Ai14-385817,F,P51,Sst-IRES-Cre/wt;Ai14(RCL-tdT)/wt
384591,Ndnf-IRES2-dgCre;Ai14-384591,F,P56,Ndnf-IRES2-dgCre/wt;Ai14(RCL-tdT)/wt
384990,Nkx2-1-CreERT2;Ai14(TAM at e17)-384990,F,P55,Nkx2-1-CreERT2/wt;Ai14(RCL-tdT)/wt
386474,Sst-IRES-Cre;Ai14-386474,M,P50,Sst-IRES-Cre/wt;Ai14(RCL-tdT)/wt
385997,Th-P2A-FlpO;Ai65F-385997,F,P53,Th-P2A-FlpO/wt;Ai65F/wt
385740,Ndnf-IRES2-dgCre;Slc32a1-IRES2-FlpO;Ai65-385740,M,P54,Ndnf-IRES2-dgCre/wt;Slc32a1-IRES2-FlpO/wt;Ai65(RCFL-tdT)/wt
384390,Pvalb-IRES-Cre;Ai14-384390,M,P62,Pvalb-IRES-Cre/wt;Ai14(RCL-tdT)/wt
386476,Sst-IRES-Cre;Ai14-386476,F,P51,Sst-IRES-Cre/wt;Ai14(RCL-tdT)/wt
386167,Nos1-CreERT2;Ai14-386167,M,P53,Nos1-CreERT2/wt;Ai14(RCL-tdT)/wt
385998,Th-P2A-FlpO;Ai65F-385998,F,P54,Th-P2A-FlpO/wt;Ai65F/wt
385743,Ndnf-IRES2-dgCre;Slc32a1-IRES2-FlpO;Ai65-385743,M,P55,Ndnf-IRES2-dgCre/wt;Slc32a1-IRES2-FlpO/wt;Ai65(RCFL-tdT)/wt
386478,Sst-IRES-Cre;Ai14-386478,F,P52,Sst-IRES-Cre/wt;Ai14(RCL-tdT)/wt
384391,Pvalb-IRES-Cre;Ai14-384391,M,P64,Pvalb-IRES-Cre/wt;Ai14(RCL-tdT)/wt
385999,Th-P2A-FlpO;Ai65F-385999,F,P55,Th-P2A-FlpO/wt;Ai65F/wt
386169,Nos1-CreERT2;Ai14-386169,F,P54,Nos1-CreERT2/wt;Ai14(RCL-tdT)/wt
386651,Chat-IRES-Cre-neo;Ai14-386651,F,P53,Chat-IRES-Cre-neo/wt;Ai14(RCL-tdT)/wt
386058,Gad2-IRES-Cre;Ai14-386058,M,P57,Gad2-IRES-Cre/wt;Ai14(RCL-tdT)/wt
387577,Sst-IRES-Cre;Ai14-387577,M,P51,Sst-IRES-Cre/wt;Ai14(RCL-tdT)/wt
387145,Vip-IRES-Cre;Ai14-387145,M,P54,Vip-IRES-Cre/wt;Ai14(RCL-tdT)/wt
387600,Vip-IRES-Cre;Ai14-387600,F,P51,Vip-IRES-Cre/wt;Ai14(RCL-tdT)/wt
387320,Ndnf-IRES2-dgCre;Slc32a1-IRES2-FlpO;Ai65-387320,M,P52,Ndnf-IRES2-dgCre/wt;Slc32a1-IRES2-FlpO/wt;Ai65(RCFL-tdT)/wt
387578,Sst-IRES-Cre;Ai14-387578,M,P52,Sst-IRES-Cre/wt;Ai14(RCL-tdT)/wt
387146,Vip-IRES-Cre;Ai14-387146,M,P55,Vip-IRES-Cre/wt;Ai14(RCL-tdT)/wt
388062,Pvalb-IRES-Cre;Ai14-388062,M,P49,Pvalb-IRES-Cre/wt;Ai14(RCL-tdT)/wt
387579,Sst-IRES-Cre;Ai14-387579,F,P53,Sst-IRES-Cre/wt;Ai14(RCL-tdT)/wt
387602,Vip-IRES-Cre;Ai14-387602,F,P53,Vip-IRES-Cre/wt;Ai14(RCL-tdT)/wt
386824,Slc17a6-IRES-Cre;Ai14-386824,M,P57,Slc17a6-IRES-Cre/wt;Ai14(RCL-tdT)/wt
387150,Vip-IRES-Cre;Ai14-387150,M,P58,Vip-IRES-Cre/wt;Ai14(RCL-tdT)/wt
389709,Th-P2A-FlpO;Ai65F-389709,M,P42,Th-P2A-FlpO/wt;Ai65F/wt
389710,Th-P2A-FlpO;Ai65F-389710,F,P42,Th-P2A-FlpO/wt;Ai65F/wt
390084,Vip-IRES-Cre;Ai14-390084,M,P43,Vip-IRES-Cre/wt;Ai14(RCL-tdT)/wt
388042,Vip-IRES-Cre;Ai14-388042,M,P55,Vip-IRES-Cre/wt;Ai14(RCL-tdT)/wt
390085,Vip-IRES-Cre;Ai14-390085,M,P44,Vip-IRES-Cre/wt;Ai14(RCL-tdT)/wt
388544,Htr3a-Cre_NO152;Sst-IRES-FlpO;Ai65-388544,M,P53,Htr3a-Cre_NO152/wt;Sst-IRES-FlpO/wt;Ai65(RCFL-tdT)/wt
387691,Sst-IRES-Cre;Ai14-387691,F,P59,Sst-IRES-Cre/wt;Ai14(RCL-tdT)/wt
388546,Htr3a-Cre_NO152;Sst-IRES-FlpO;Ai65-388546,M,P54,Htr3a-Cre_NO152/wt;Sst-IRES-FlpO/wt;Ai65(RCFL-tdT)/wt
390091,Vip-IRES-Cre;Ai14-390091,F,P45,Vip-IRES-Cre/wt;Ai14(RCL-tdT)/wt
388049,Vip-IRES-Cre;Ai14-388049,F,P57,Vip-IRES-Cre/wt;Ai14(RCL-tdT)/wt
387401,Slc32a1-IRES-Cre;Ai14-387401,F,P63,Slc32a1-IRES-Cre/wt;Ai14(RCL-tdT)/wt
389711,Th-P2A-FlpO;Ai65F-389711,F,P49,Th-P2A-FlpO/wt;Ai65F/wt
390755,Slc17a8-IRES2-Cre;Ai14-390755,M,P46,Slc17a8-IRES2-Cre/wt;Ai14(RCL-tdT)/wt
389352,Pvalb-IRES-Cre;Ai14-389352,M,P55,Pvalb-IRES-Cre/wt;Ai14(RCL-tdT)/wt
389956,Htr3a-Cre_NO152;Ai14-389956,F,P51,Htr3a-Cre_NO152/wt;Ai14(RCL-tdT)/wt
390255,Chat-IRES-Cre-neo;Ai14-390255,M,P49,Chat-IRES-Cre-neo/wt;Ai14(RCL-tdT)/wt
389210,Vipr2-IRES2-Cre;Slc32a1-T2A-FlpO;Ai65-389210,M,P56,Vipr2-IRES2-Cre/wt;Slc32a1-T2A-FlpO/wt;Ai65(RCFL-tdT)/wt
389353,Pvalb-IRES-Cre;Ai14-389353,M,P56,Pvalb-IRES-Cre/wt;Ai14(RCL-tdT)/wt
387905,Slc17a8-iCre;Ai14-387905,F,P63,Slc17a8-iCre/wt;Ai14(RCL-tdT)/wt
389356,Pvalb-IRES-Cre;Ai14-389356,F,P57,Pvalb-IRES-Cre/wt;Ai14(RCL-tdT)/wt
390749,Vipr2-IRES2-Cre;Pvalb-T2A-FlpO;Ai65-390749,F,P48,Vipr2-IRES2-Cre/wt;Pvalb-T2A-FlpO/wt;Ai65(RCFL-tdT)/wt
390757,Slc17a8-IRES2-Cre;Ai14-390757,F,P48,Slc17a8-IRES2-Cre/wt;Ai14(RCL-tdT)/wt
389359,Pvalb-IRES-Cre;Ai14-389359,F,P59,Pvalb-IRES-Cre/wt;Ai14(RCL-tdT)/wt
390758,Slc17a8-IRES2-Cre;Ai14-390758,F,P50,Slc17a8-IRES2-Cre/wt;Ai14(RCL-tdT)/wt
391341,Sst-IRES-Cre;Ai14-391341,F,P50,Sst-IRES-Cre/wt;Ai14(RCL-tdT)/wt
391467,Ndnf-IRES2-dgCre;Slc32a1-IRES2-FlpO;Ai65-391467,F,P51,Ndnf-IRES2-dgCre/wt;Slc32a1-IRES2-FlpO/wt;Ai65(RCFL-tdT)/wt
390928,Vip-IRES-Cre;Ai14-390928,M,P53,Vip-IRES-Cre/wt;Ai14(RCL-tdT)/wt
391571,Nos1-CreERT2;Sst-IRES-FlpO;Ai65-391571,M,P50,Nos1-CreERT2/wt;Sst-IRES-FlpO/wt;Ai65(RCFL-tdT)/wt
391572,Nos1-CreERT2;Sst-IRES-FlpO;Ai65-391572,M,P51,Nos1-CreERT2/wt;Sst-IRES-FlpO/wt;Ai65(RCFL-tdT)/wt
390760,Slc17a8-IRES2-Cre;Ai14-390760,F,P55,Slc17a8-IRES2-Cre/wt;Ai14(RCL-tdT)/wt
390981,Htr3a-Cre_NO152;Ai14-390981,F,P54,Htr3a-Cre_NO152/wt;Ai14(RCL-tdT)/wt
391574,Nos1-CreERT2;Sst-IRES-FlpO;Ai65-391574,F,P51,Nos1-CreERT2/wt;Sst-IRES-FlpO/wt;Ai65(RCFL-tdT)/wt
390983,Htr3a-Cre_NO152;Ai14-390983,F,P54,Htr3a-Cre_NO152/wt;Ai14(RCL-tdT)/wt
391339,Sst-IRES-Cre;Ai14-391339,M,P53,Sst-IRES-Cre/wt;Ai14(RCL-tdT)/wt
392696,Sst-IRES-Cre;Ai14-392696,M,P52,Sst-IRES-Cre/wt;Ai14(RCL-tdT)/wt
391834,Th-P2A-FlpO;Ai65F-391834,M,P56,Th-P2A-FlpO/wt;Ai65F/wt
392332,Vip-IRES-Cre;Ai14-392332,M,P55,Vip-IRES-Cre/wt;Ai14(RCL-tdT)/wt
392697,Sst-IRES-Cre;Ai14-392697,M,P52,Sst-IRES-Cre/wt;Ai14(RCL-tdT)/wt
392698,Sst-IRES-Cre;Ai14-392698,M,P53,Sst-IRES-Cre/wt;Ai14(RCL-tdT)/wt
391836,Th-P2A-FlpO;Ai65F-391836,M,P57,Th-P2A-FlpO/wt;Ai65F/wt
392699,Sst-IRES-Cre;Ai14-392699,M,P54,Sst-IRES-Cre/wt;Ai14(RCL-tdT)/wt
391840,Th-P2A-FlpO;Ai65F-391840,F,P58,Th-P2A-FlpO/wt;Ai65F/wt
391678,Vip-IRES-Cre;Npy-IRES2-FlpO;Ai65-391678,F,P58,Vip-IRES-Cre/wt;Npy-IRES2-FlpO/wt;Ai65(RCFL-tdT)/wt
392333,Vip-IRES-Cre;Ai14-392333,F,P57,Vip-IRES-Cre/wt;Ai14(RCL-tdT)/wt
392700,Sst-IRES-Cre;Ai14-392700,M,P55,Sst-IRES-Cre/wt;Ai14(RCL-tdT)/wt
391841,Th-P2A-FlpO;Ai65F-391841,F,P59,Th-P2A-FlpO/wt;Ai65F/wt
392608,Vipr2-IRES2-Cre;Slc32a1-T2A-FlpO;Ai65-392608,F,P55,Vipr2-IRES2-Cre/wt;Slc32a1-T2A-FlpO/wt;Ai65(RCFL-tdT)/wt
392701,Sst-IRES-Cre;Ai14-392701,M,P58,Sst-IRES-Cre/wt;Ai14(RCL-tdT)/wt
392703,Sst-IRES-Cre;Ai14-392703,F,P58,Sst-IRES-Cre/wt;Ai14(RCL-tdT)/wt
394299,Sst-IRES-Cre;Ai14-394299,F,P59,Sst-IRES-Cre/wt;Ai14(RCL-tdT)/wt
393738,Chrna2-Cre_OE25;Vip-IRES-FlpO;Ai65-393738,F,P54,Chrna2-Cre_OE25/wt;Vip-IRES-FlpO/wt;Ai65(RCFL-tdT)/wt
393685,Gad2-IRES-Cre;Ai14-393685,F,P55,Gad2-IRES-Cre/wt;Ai14(RCL-tdT)/wt
394301,Sst-IRES-Cre;Ai14-394301,F,P60,Sst-IRES-Cre/wt;Ai14(RCL-tdT)/wt
392647,Ndnf-IRES2-dgCre;Ai14-392647,M,P60,Ndnf-IRES2-dgCre/wt;Ai14(RCL-tdT)/wt
394303,Sst-IRES-Cre;Ai14-394303,F,P62,Sst-IRES-Cre/wt;Ai14(RCL-tdT)/wt
393920,Slc32a1-IRES-Cre;Ai14-393920,F,P56,Slc32a1-IRES-Cre/wt;Ai14(RCL-tdT)/wt
394566,Gad67-GFP_X94-394566,M,P55,Gad67-GFP_X94/wt
393686,Gad2-IRES-Cre;Ai14-393686,F,P61,Gad2-IRES-Cre/wt;Ai14(RCL-tdT)/wt
394428,Crh-IRES-Cre_ZJH;Sst-IRES-FlpO;Ai65-394428,M,P57,Crh-IRES-Cre_ZJH/wt;Sst-IRES-FlpO/wt;Ai65(RCFL-tdT)/wt
393687,Gad2-IRES-Cre;Ai14-393687,F,P62,Gad2-IRES-Cre/wt;Ai14(RCL-tdT)/wt
394569,Gad67-GFP_X94-394569,F,P56,Gad67-GFP_X94/wt
393922,Slc32a1-IRES-Cre;Ai14-393922,F,P60,Slc32a1-IRES-Cre/wt;Ai14(RCL-tdT)/wt
394486,Chat-IRES-Cre-neo;Ai14-394486,M,P57,Chat-IRES-Cre-neo/wt;Ai14(RCL-tdT)/wt
393692,Gad2-IRES-Cre;Ai14-393692,M,P63,Gad2-IRES-Cre/wt;Ai14(RCL-tdT)/wt
394570,Gad67-GFP_X94-394570,F,P57,Gad67-GFP_X94/wt
395303,Vip-IRES-Cre;Npy-IRES2-FlpO;Ai65-395303,M,P54,Vip-IRES-Cre/wt;Npy-IRES2-FlpO/wt;Ai65(RCFL-tdT)/wt
393923,Slc32a1-IRES-Cre;Ai14-393923,F,P61,Slc32a1-IRES-Cre/wt;Ai14(RCL-tdT)/wt
395420,Vip-IRES-Cre;Ai14-395420,M,P55,Vip-IRES-Cre/wt;Ai14(RCL-tdT)/wt
395306,Vip-IRES-Cre;Npy-IRES2-FlpO;Ai65-395306,F,P56,Vip-IRES-Cre/wt;Npy-IRES2-FlpO/wt;Ai65(RCFL-tdT)/wt
393924,Slc32a1-IRES-Cre;Ai14-393924,M,P63,Slc32a1-IRES-Cre/wt;Ai14(RCL-tdT)/wt
395954,Sst-IRES-Cre;Ai14-395954,M,P57,Sst-IRES-Cre/wt;Ai14(RCL-tdT)/wt
395724,Sst-IRES-Cre;Ai14-395724,F,P57,Sst-IRES-Cre/wt;Ai14(RCL-tdT)/wt
395721,Sst-IRES-Cre;Ai14-395721,M,P58,Sst-IRES-Cre/wt;Ai14(RCL-tdT)/wt
396257,Pvalb-T2A-CreERT2;Ai14-396257,M,P54,Pvalb-T2A-CreERT2/wt;Ai14(RCL-tdT)/wt
396817,Nos1-CreERT2;Ai14-396817,F,P52,Nos1-CreERT2/wt;Ai14(RCL-tdT)/wt
396625,Ndnf-IRES2-dgCre;Ai14-396625,M,P52,Ndnf-IRES2-dgCre/wt;Ai14(RCL-tdT)/wt
395722,Sst-IRES-Cre;Ai14-395722,F,P59,Sst-IRES-Cre/wt;Ai14(RCL-tdT)/wt
396260,Pvalb-T2A-CreERT2;Ai14-396260,M,P55,Pvalb-T2A-CreERT2/wt;Ai14(RCL-tdT)/wt
396798,Pvalb-IRES-Cre;Th-P2A-FlpO;Ai65-396798,F,P53,Pvalb-IRES-Cre/wt;Th-P2A-FlpO/wt;Ai65(RCFL-tdT)/wt
395797,Slc17a8-iCre;Ai14-395797,F,P58,Slc17a8-iCre/wt;Ai14(RCL-tdT)/wt
395723,Sst-IRES-Cre;Ai14-395723,F,P61,Sst-IRES-Cre/wt;Ai14(RCL-tdT)/wt
396735,Htr3a-Cre_NO152;Sst-IRES-FlpO;Ai65-396735,M,P55,Htr3a-Cre_NO152/wt;Sst-IRES-FlpO/wt;Ai65(RCFL-tdT)/wt
398012,Vip-IRES-Cre;Ai14-398012,F,P51,Vip-IRES-Cre/wt;Ai14(RCL-tdT)/wt
397195,Th-P2A-FlpO;Ai65F-397195,M,P56,Th-P2A-FlpO/wt;Ai65F/wt
396261,Pvalb-T2A-CreERT2;Ai14-396261,M,P60,Pvalb-T2A-CreERT2/wt;Ai14(RCL-tdT)/wt
398210,Htr3a-Cre_NO152;Pvalb-T2A-FlpO;Ai65-398210,M,P50,Htr3a-Cre_NO152/wt;Pvalb-T2A-FlpO/wt;Ai65(RCFL-tdT)/wt
398013,Vip-IRES-Cre;Ai14-398013,F,P52,Vip-IRES-Cre/wt;Ai14(RCL-tdT)/wt
397196,Th-P2A-FlpO;Ai65F-397196,M,P57,Th-P2A-FlpO/wt;Ai65F/wt
396262,Pvalb-T2A-CreERT2;Ai14-396262,M,P61,Pvalb-T2A-CreERT2/wt;Ai14(RCL-tdT)/wt
397651,Htr3a-Cre_NO152;Ai14-397651,M,P55,Htr3a-Cre_NO152/wt;Ai14(RCL-tdT)/wt
397999,Vip-IRES-Cre;Ai14-397999,M,P53,Vip-IRES-Cre/wt;Ai14(RCL-tdT)/wt
397198,Th-P2A-FlpO;Ai65F-397198,F,P58,Th-P2A-FlpO/wt;Ai65F/wt
398004,Vip-IRES-Cre;Ai14-398004,F,P53,Vip-IRES-Cre/wt;Ai14(RCL-tdT)/wt
398005,Vip-IRES-Cre;Ai14-398005,F,P55,Vip-IRES-Cre/wt;Ai14(RCL-tdT)/wt
397199,Th-P2A-FlpO;Ai65F-397199,F,P60,Th-P2A-FlpO/wt;Ai65F/wt
397653,Htr3a-Cre_NO152;Ai14-397653,M,P58,Htr3a-Cre_NO152/wt;Ai14(RCL-tdT)/wt
398635,Vip-IRES-Cre;Ai14-398635,M,P55,Vip-IRES-Cre/wt;Ai14(RCL-tdT)/wt
398605,Vip-IRES-Cre;Npy-IRES2-FlpO;Ai65-398605,M,P55,Vip-IRES-Cre/wt;Npy-IRES2-FlpO/wt;Ai65(RCFL-tdT)/wt
397654,Htr3a-Cre_NO152;Ai14-397654,M,P61,Htr3a-Cre_NO152/wt;Ai14(RCL-tdT)/wt
398636,Vip-IRES-Cre;Ai14-398636,F,P56,Vip-IRES-Cre/wt;Ai14(RCL-tdT)/wt
397655,Htr3a-Cre_NO152;Ai14-397655,M,P62,Htr3a-Cre_NO152/wt;Ai14(RCL-tdT)/wt
399697,Gad2-IRES-Cre;Ai14-399697,M,P51,Gad2-IRES-Cre/wt;Ai14(RCL-tdT)/wt
399114,Slc17a7-IRES2-Cre;Ai14-399114,M,P56,Slc17a7-IRES2-Cre/wt;Ai14(RCL-tdT)/wt
398664,Calb2-IRES-Cre;Sst-IRES-FlpO;Ai65-398664,M,P58,Calb2-IRES-Cre/wt;Sst-IRES-FlpO/wt;Ai65(RCFL-tdT)/wt
399698,Gad2-IRES-Cre;Ai14-399698,M,P54,Gad2-IRES-Cre/wt;Ai14(RCL-tdT)/wt
400563,Pvalb-IRES-Cre;Ai14-400563,M,P49,Pvalb-IRES-Cre/wt;Ai14(RCL-tdT)/wt
400679,Sst-IRES-Cre;Ai14-400679,M,P51,Sst-IRES-Cre/wt;Ai14(RCL-tdT)/wt
400685,Sst-IRES-Cre;Ai14-400685,M,P51,Sst-IRES-Cre/wt;Ai14(RCL-tdT)/wt
400565,Pvalb-IRES-Cre;Ai14-400565,M,P52,Pvalb-IRES-Cre/wt;Ai14(RCL-tdT)/wt
400683,Sst-IRES-Cre;Ai14-400683,M,P52,Sst-IRES-Cre/wt;Ai14(RCL-tdT)/wt
400687,Sst-IRES-Cre;Ai14-400687,F,P51,Sst-IRES-Cre/wt;Ai14(RCL-tdT)/wt
400569,Pvalb-IRES-Cre;Ai14-400569,F,P52,Pvalb-IRES-Cre/wt;Ai14(RCL-tdT)/wt
400688,Sst-IRES-Cre;Ai14-400688,F,P51,Sst-IRES-Cre/wt;Ai14(RCL-tdT)/wt
399825,Ndnf-IRES2-dgCre;Slc32a1-IRES2-FlpO;Ai65-399825,M,P55,Ndnf-IRES2-dgCre/wt;Slc32a1-IRES2-FlpO/wt;Ai65(RCFL-tdT)/wt
400570,Pvalb-IRES-Cre;Ai14-400570,F,P52,Pvalb-IRES-Cre/wt;Ai14(RCL-tdT)/wt
402271,Sst-IRES-Cre;Ai14-402271,F,P55,Sst-IRES-Cre/wt;Ai14(RCL-tdT)/wt
400429,Vipr2-IRES2-Cre;Pvalb-T2A-FlpO;Ai65-400429,M,P57,Vipr2-IRES2-Cre/wt;Pvalb-T2A-FlpO/wt;Ai65(RCFL-tdT)/wt
401243,Npr3-IRES2-Cre;Sst-IRES-FlpO;Ai65-401243,M,P57,Npr3-IRES2-Cre/wt;Sst-IRES-FlpO/wt;Ai65(RCFL-tdT)/wt
401609,Chrna2-Cre_OE25;Pvalb-T2A-FlpO;Ai65-401609,M,P54,Chrna2-Cre_OE25/wt;Pvalb-T2A-FlpO/wt;Ai65(RCFL-tdT)/wt
401559,Pvalb-IRES-Cre;Ai14-401559,M,P55,Pvalb-IRES-Cre/wt;Ai14(RCL-tdT)/wt
402241,Pvalb-IRES-Cre;Ai14-402241,M,P52,Pvalb-IRES-Cre/wt;Ai14(RCL-tdT)/wt
402666,Sst-IRES-Cre;Ai14-402666,M,P50,Sst-IRES-Cre/wt;Ai14(RCL-tdT)/wt
400485,Pvalb-T2A-CreERT2;Ai14-400485,M,P60,Pvalb-T2A-CreERT2/wt;Ai14(RCL-tdT)/wt
401561,Pvalb-IRES-Cre;Ai14-401561,F,P56,Pvalb-IRES-Cre/wt;Ai14(RCL-tdT)/wt
402245,Pvalb-IRES-Cre;Ai14-402245,F,P54,Pvalb-IRES-Cre/wt;Ai14(RCL-tdT)/wt
402667,Sst-IRES-Cre;Ai14-402667,F,P53,Sst-IRES-Cre/wt;Ai14(RCL-tdT)/wt
402247,Pvalb-IRES-Cre;Ai14-402247,F,P56,Pvalb-IRES-Cre/wt;Ai14(RCL-tdT)/wt
403529,Vip-IRES-Cre;Npy-IRES2-FlpO;Ai65-403529,M,P52,Vip-IRES-Cre/wt;Npy-IRES2-FlpO/wt;Ai65(RCFL-tdT)/wt
402243,Pvalb-IRES-Cre;Ai14-402243,F,P59,Pvalb-IRES-Cre/wt;Ai14(RCL-tdT)/wt
402909,Npr3-IRES2-Cre;Sst-IRES-FlpO;Ai65-402909,F,P55,Npr3-IRES2-Cre/wt;Sst-IRES-FlpO/wt;Ai65(RCFL-tdT)/wt
403931,Vip-IRES-Cre;Ai14-403931,F,P51,Vip-IRES-Cre/wt;Ai14(RCL-tdT)/wt
403532,Vip-IRES-Cre;Npy-IRES2-FlpO;Ai65-403532,M,P53,Vip-IRES-Cre/wt;Npy-IRES2-FlpO/wt;Ai65(RCFL-tdT)/wt
402758,Chrna2-Cre_OE25;Sst-IRES-FlpO;Ai65-402758,F,P56,Chrna2-Cre_OE25/wt;Sst-IRES-FlpO/wt;Ai65(RCFL-tdT)/wt
403559,Gad2-IRES-Cre;Ai14-403559,M,P53,Gad2-IRES-Cre/wt;Ai14(RCL-tdT)/wt
403169,Calb2-IRES-Cre;Sst-IRES-FlpO;Ai65-403169,M,P55,Calb2-IRES-Cre/wt;Sst-IRES-FlpO/wt;Ai65(RCFL-tdT)/wt
403560,Gad2-IRES-Cre;Ai14-403560,F,P54,Gad2-IRES-Cre/wt;Ai14(RCL-tdT)/wt
404366,Sst-IRES-Cre;Ai14-404366,M,P50,Sst-IRES-Cre/wt;Ai14(RCL-tdT)/wt
403276,Pdyn-T2A-CreERT2;Ai14-403276,F,P55,Pdyn-T2A-CreERT2/wt;Ai14(RCL-tdT)/wt
403443,Cck-IRES-Cre;Vip-IRES-FlpO;Ai65-403443,F,P56,Cck-IRES-Cre/wt;Vip-IRES-FlpO/wt;Ai65(RCFL-tdT)/wt
404479,Ndnf-IRES2-dgCre;Slc32a1-IRES2-FlpO;Ai65-404479,M,P54,Ndnf-IRES2-dgCre/wt;Slc32a1-IRES2-FlpO/wt;Ai65(RCFL-tdT)/wt
404370,Sst-IRES-Cre;Ai14-404370,M,P52,Sst-IRES-Cre/wt;Ai14(RCL-tdT)/wt
404371,Sst-IRES-Cre;Ai14-404371,M,P55,Sst-IRES-Cre/wt;Ai14(RCL-tdT)/wt
402685,Htr3a-Cre_NO152;Ai14-402685,M,P63,Htr3a-Cre_NO152/wt;Ai14(RCL-tdT)/wt
404779,Pdyn-T2A-CreERT2;Ai14-404779,F,P53,Pdyn-T2A-CreERT2/wt;Ai14(RCL-tdT)/wt
404849,Sst-IRES-Cre;Ai14-404849,M,P53,Sst-IRES-Cre/wt;Ai14(RCL-tdT)/wt
405111,Sst-IRES-Cre;Ai14-405111,M,P53,Sst-IRES-Cre/wt;Ai14(RCL-tdT)/wt
405115,Sst-IRES-Cre;Ai14-405115,M,P53,Sst-IRES-Cre/wt;Ai14(RCL-tdT)/wt
405113,Sst-IRES-Cre;Ai14-405113,M,P54,Sst-IRES-Cre/wt;Ai14(RCL-tdT)/wt
404781,Pdyn-T2A-CreERT2;Ai14-404781,F,P55,Pdyn-T2A-CreERT2/wt;Ai14(RCL-tdT)/wt
405114,Sst-IRES-Cre;Ai14-405114,M,P54,Sst-IRES-Cre/wt;Ai14(RCL-tdT)/wt
405118,Sst-IRES-Cre;Ai14-405118,F,P55,Sst-IRES-Cre/wt;Ai14(RCL-tdT)/wt
404782,Pdyn-T2A-CreERT2;Ai14-404782,F,P56,Pdyn-T2A-CreERT2/wt;Ai14(RCL-tdT)/wt
406663,Pvalb-IRES-Cre;Ai14-406663,M,P52,Pvalb-IRES-Cre/wt;Ai14(RCL-tdT)/wt
406460,Vip-IRES-Cre;Ai14-406460,F,P53,Vip-IRES-Cre/wt;Ai14(RCL-tdT)/wt
407127,Htr3a-Cre_NO152;Ai14-407127,M,P49,Htr3a-Cre_NO152/wt;Ai14(RCL-tdT)/wt
406664,Pvalb-IRES-Cre;Ai14-406664,M,P53,Pvalb-IRES-Cre/wt;Ai14(RCL-tdT)/wt
406294,Chrna2-Cre_OE25;Sst-IRES-FlpO;Ai65-406294,F,P54,Chrna2-Cre_OE25/wt;Sst-IRES-FlpO/wt;Ai65(RCFL-tdT)/wt
406655,Ndnf-IRES2-dgCre;Ai14-406655,F,P53,Ndnf-IRES2-dgCre/wt;Ai14(RCL-tdT)/wt
407131,Htr3a-Cre_NO152;Ai14-407131,M,P50,Htr3a-Cre_NO152/wt;Ai14(RCL-tdT)/wt
406666,Pvalb-IRES-Cre;Ai14-406666,F,P54,Pvalb-IRES-Cre/wt;Ai14(RCL-tdT)/wt
406388,Gad2-IRES-Cre;Ai14-406388,F,P55,Gad2-IRES-Cre/wt;Ai14(RCL-tdT)/wt
406667,Pvalb-IRES-Cre;Ai14-406667,F,P55,Pvalb-IRES-Cre/wt;Ai14(RCL-tdT)/wt
406293,Chrna2-Cre_OE25;Sst-IRES-FlpO;Ai65-406293,F,P56,Chrna2-Cre_OE25/wt;Sst-IRES-FlpO/wt;Ai65(RCFL-tdT)/wt
406389,Gad2-IRES-Cre;Ai14-406389,F,P56,Gad2-IRES-Cre/wt;Ai14(RCL-tdT)/wt
407133,Htr3a-Cre_NO152;Ai14-407133,F,P52,Htr3a-Cre_NO152/wt;Ai14(RCL-tdT)/wt
406386,Gad2-IRES-Cre;Ai14-406386,M,P57,Gad2-IRES-Cre/wt;Ai14(RCL-tdT)/wt
406695,Chrna2-Cre_OE25;Vip-IRES-FlpO;Ai65-406695,F,P54,Chrna2-Cre_OE25/wt;Vip-IRES-FlpO/wt;Ai65(RCFL-tdT)/wt
407698,Chrna2-Cre_OE25;Sst-IRES-FlpO;Ai65-407698,F,P52,Chrna2-Cre_OE25/wt;Sst-IRES-FlpO/wt;Ai65(RCFL-tdT)/wt
407228,Vip-IRES-Cre;Ai14-407228,M,P55,Vip-IRES-Cre/wt;Ai14(RCL-tdT)/wt
407477,Chrna2-Cre_OE25;Vip-IRES-FlpO;Ai65-407477,M,P53,Chrna2-Cre_OE25/wt;Vip-IRES-FlpO/wt;Ai65(RCFL-tdT)/wt
407562,Htr3a-Cre_NO152;Ai14-407562,F,P53,Htr3a-Cre_NO152/wt;Ai14(RCL-tdT)/wt
407231,Vip-IRES-Cre;Ai14-407231,F,P56,Vip-IRES-Cre/wt;Ai14(RCL-tdT)/wt
407649,Vip-IRES-Cre;Ai14-407649,M,P54,Vip-IRES-Cre/wt;Ai14(RCL-tdT)/wt
407232,Vip-IRES-Cre;Ai14-407232,F,P57,Vip-IRES-Cre/wt;Ai14(RCL-tdT)/wt
407481,Chrna2-Cre_OE25;Vip-IRES-FlpO;Ai65-407481,F,P55,Chrna2-Cre_OE25/wt;Vip-IRES-FlpO/wt;Ai65(RCFL-tdT)/wt
407653,Vip-IRES-Cre;Ai14-407653,F,P55,Vip-IRES-Cre/wt;Ai14(RCL-tdT)/wt
407654,Vip-IRES-Cre;Ai14-407654,F,P56,Vip-IRES-Cre/wt;Ai14(RCL-tdT)/wt
409272,Vip-IRES-Cre;Ai14-409272,F,P56,Vip-IRES-Cre/wt;Ai14(RCL-tdT)/wt
407646,Vip-IRES-Cre;Ai14-407646,M,P57,Vip-IRES-Cre/wt;Ai14(RCL-tdT)/wt
407629,Crh-IRES-Cre_ZJH;Sst-IRES-FlpO;Ai65-407629,F,P57,Crh-IRES-Cre_ZJH/wt;Sst-IRES-FlpO/wt;Ai65(RCFL-tdT)/wt
409269,Vip-IRES-Cre;Ai14-409269,F,P57,Vip-IRES-Cre/wt;Ai14(RCL-tdT)/wt
408345,Chat-IRES-Cre-neo;Ai14-408345,F,P53,Chat-IRES-Cre-neo/wt;Ai14(RCL-tdT)/wt
408755,Oxtr-T2A-Cre;Ai14-408755,M,P55,Oxtr-T2A-Cre/wt;Ai14(RCL-tdT)/wt
407235,Vip-IRES-Cre;Ai14-407235,F,P62,Vip-IRES-Cre/wt;Ai14(RCL-tdT)/wt
407479,Chrna2-Cre_OE25;Vip-IRES-FlpO;Ai65-407479,M,P60,Chrna2-Cre_OE25/wt;Vip-IRES-FlpO/wt;Ai65(RCFL-tdT)/wt
408887,Oxtr-T2A-Cre;Ai14-408887,M,P54,Oxtr-T2A-Cre/wt;Ai14(RCL-tdT)/wt
408415,Sst-IRES-Cre;Ai14-408415,M,P57,Sst-IRES-Cre/wt;Ai14(RCL-tdT)/wt
408759,Oxtr-T2A-Cre;Ai14-408759,F,P56,Oxtr-T2A-Cre/wt;Ai14(RCL-tdT)/wt
407830,Npr3-IRES2-Cre;Sst-IRES-FlpO;Ai65-407830,M,P60,Npr3-IRES2-Cre/wt;Sst-IRES-FlpO/wt;Ai65(RCFL-tdT)/wt
408893,Oxtr-T2A-Cre;Ai14-408893,F,P55,Oxtr-T2A-Cre/wt;Ai14(RCL-tdT)/wt
408417,Sst-IRES-Cre;Ai14-408417,M,P58,Sst-IRES-Cre/wt;Ai14(RCL-tdT)/wt
409345,Cck-IRES-Cre;Vip-IRES-FlpO;Ai65-409345,M,P53,Cck-IRES-Cre/wt;Vip-IRES-FlpO/wt;Ai65(RCFL-tdT)/wt
408889,Oxtr-T2A-Cre;Ai14-408889,M,P56,Oxtr-T2A-Cre/wt;Ai14(RCL-tdT)/wt
408760,Oxtr-T2A-Cre;Ai14-408760,F,P57,Oxtr-T2A-Cre/wt;Ai14(RCL-tdT)/wt
408419,Sst-IRES-Cre;Ai14-408419,M,P59,Sst-IRES-Cre/wt;Ai14(RCL-tdT)/wt
408761,Oxtr-T2A-Cre;Ai14-408761,F,P58,Oxtr-T2A-Cre/wt;Ai14(RCL-tdT)/wt
408890,Oxtr-T2A-Cre;Ai14-408890,M,P57,Oxtr-T2A-Cre/wt;Ai14(RCL-tdT)/wt
409347,Cck-IRES-Cre;Vip-IRES-FlpO;Ai65-409347,M,P54,Cck-IRES-Cre/wt;Vip-IRES-FlpO/wt;Ai65(RCFL-tdT)/wt
408421,Sst-IRES-Cre;Ai14-408421,F,P60,Sst-IRES-Cre/wt;Ai14(RCL-tdT)/wt
408892,Oxtr-T2A-Cre;Ai14-408892,F,P58,Oxtr-T2A-Cre/wt;Ai14(RCL-tdT)/wt
409200,Ndnf-IRES2-dgCre;Ai14-409200,F,P57,Ndnf-IRES2-dgCre/wt;Ai14(RCL-tdT)/wt
408888,Oxtr-T2A-Cre;Ai14-408888,M,P58,Oxtr-T2A-Cre/wt;Ai14(RCL-tdT)/wt
409698,Glt25d2-Cre_NF107;Ai14-409698,M,P56,Glt25d2-Cre_NF107/wt;Ai14(RCL-tdT)/wt
410065,Nkx2-1-CreERT2;Ai14-410065,M,P54,Nkx2-1-CreERT2/wt;Ai14(RCL-tdT)/wt
410508,Penk-IRES2-Cre-neo;Slc17a6-IRES2-FlpO-410508-Ai65,F,P52,Penk-IRES2-Cre-neo/wt;Slc17a6-IRES2-FlpO/wt;Ai65(RCFL-tdT)/wt
408346,Chat-IRES-Cre-neo;Ai14-408346,F,P63,Chat-IRES-Cre-neo/wt;Ai14(RCL-tdT)/wt
409679,Cck-IRES-Cre;Vip-IRES-FlpO;Ai65-409679,M,P57,Cck-IRES-Cre/wt;Vip-IRES-FlpO/wt;Ai65(RCFL-tdT)/wt
408894,Oxtr-T2A-Cre;Ai14-408894,F,P62,Oxtr-T2A-Cre/wt;Ai14(RCL-tdT)/wt
410669,Sst-IRES-Cre;Th-P2A-FlpO;Ai65-410669,F,P52,Sst-IRES-Cre/wt;Th-P2A-FlpO/wt;Ai65(RCFL-tdT)/wt
409684,Cck-IRES-Cre;Vip-IRES-FlpO;Ai65-409684,F,P58,Cck-IRES-Cre/wt;Vip-IRES-FlpO/wt;Ai65(RCFL-tdT)/wt
408895,Oxtr-T2A-Cre;Ai14-408895,F,P63,Oxtr-T2A-Cre/wt;Ai14(RCL-tdT)/wt
410815,Htr3a-Cre_NO152;Pvalb-T2A-FlpO;Ai65-410815,M,P52,Htr3a-Cre_NO152/wt;Pvalb-T2A-FlpO/wt;Ai65(RCFL-tdT)/wt
411627,Nos1-CreERT2;Ai14-411627,M,P48,Nos1-CreERT2/wt;Ai14(RCL-tdT)/wt
410166,Cck-IRES-Cre;Vip-IRES-FlpO;Ai65-410166,M,P56,Cck-IRES-Cre/wt;Vip-IRES-FlpO/wt;Ai65(RCFL-tdT)/wt
409821,Pvalb-IRES-Cre;Ai14-409821,M,P59,Pvalb-IRES-Cre/wt;Ai14(RCL-tdT)/wt
410169,Cck-IRES-Cre;Vip-IRES-FlpO;Ai65-410169,M,P57,Cck-IRES-Cre/wt;Vip-IRES-FlpO/wt;Ai65(RCFL-tdT)/wt
409822,Pvalb-IRES-Cre;Ai14-409822,M,P60,Pvalb-IRES-Cre/wt;Ai14(RCL-tdT)/wt
411241,Chrna2-Cre_OE25;Sst-IRES-FlpO;Ai65-411241,F,P57,Chrna2-Cre_OE25/wt;Sst-IRES-FlpO/wt;Ai65(RCFL-tdT)/wt
411117,Npr3-IRES2-Cre;Sst-IRES-FlpO;Ai65-411117,M,P58,Npr3-IRES2-Cre/wt;Sst-IRES-FlpO/wt;Ai65(RCFL-tdT)/wt
411027,Calb2-IRES-Cre;Sst-IRES-FlpO;Ai65-411027,M,P58,Calb2-IRES-Cre/wt;Sst-IRES-FlpO/wt;Ai65(RCFL-tdT)/wt
411293,Vip-IRES-Cre;Npy-IRES2-FlpO;Ai65-411293,F,P58,Vip-IRES-Cre/wt;Npy-IRES2-FlpO/wt;Ai65(RCFL-tdT)/wt
411498,Htr3a-Cre_NO152;Ai14-411498,F,P57,Htr3a-Cre_NO152/wt;Ai14(RCL-tdT)/wt
411118,Npr3-IRES2-Cre;Sst-IRES-FlpO;Ai65-411118,M,P59,Npr3-IRES2-Cre/wt;Sst-IRES-FlpO/wt;Ai65(RCFL-tdT)/wt
411031,Calb2-IRES-Cre;Sst-IRES-FlpO;Ai65-411031,F,P59,Calb2-IRES-Cre/wt;Sst-IRES-FlpO/wt;Ai65(RCFL-tdT)/wt
411962,Chrna2-Cre_OE25;Sst-IRES-FlpO;Ai65-411962,M,P55,Chrna2-Cre_OE25/wt;Sst-IRES-FlpO/wt;Ai65(RCFL-tdT)/wt
411033,Calb2-IRES-Cre;Sst-IRES-FlpO;Ai65-411033,F,P60,Calb2-IRES-Cre/wt;Sst-IRES-FlpO/wt;Ai65(RCFL-tdT)/wt
411120,Npr3-IRES2-Cre;Sst-IRES-FlpO;Ai65-411120,M,P60,Npr3-IRES2-Cre/wt;Sst-IRES-FlpO/wt;Ai65(RCFL-tdT)/wt
412557,Sst-IRES-Cre;Ai14-412557,M,P53,Sst-IRES-Cre/wt;Ai14(RCL-tdT)/wt
412161,Sst-IRES-Cre;Ai14-412161,M,P57,Sst-IRES-Cre/wt;Ai14(RCL-tdT)/wt
412356,Nos1-CreERT2;Sst-IRES-FlpO;Ai65-412356,F,P56,Nos1-CreERT2/wt;Sst-IRES-FlpO/wt;Ai65(RCFL-tdT)/wt
412517,Ndnf-IRES2-dgCre;Slc32a1-IRES2-FlpO;Ai65-412517,F,P55,Ndnf-IRES2-dgCre/wt;Slc32a1-IRES2-FlpO/wt;Ai65(RCFL-tdT)/wt
412558,Sst-IRES-Cre;Ai14-412558,M,P56,Sst-IRES-Cre/wt;Ai14(RCL-tdT)/wt
412162,Sst-IRES-Cre;Ai14-412162,M,P58,Sst-IRES-Cre/wt;Ai14(RCL-tdT)/wt
412555,Sst-IRES-Cre;Ai14-412555,M,P57,Sst-IRES-Cre/wt;Ai14(RCL-tdT)/wt
412518,Ndnf-IRES2-dgCre;Slc32a1-IRES2-FlpO;Ai65-412518,F,P56,Ndnf-IRES2-dgCre/wt;Slc32a1-IRES2-FlpO/wt;Ai65(RCFL-tdT)/wt
412560,Sst-IRES-Cre;Ai14-412560,F,P57,Sst-IRES-Cre/wt;Ai14(RCL-tdT)/wt
412858,Sst-IRES-Cre;Ai14-412858,M,P55,Sst-IRES-Cre/wt;Ai14(RCL-tdT)/wt
412165,Sst-IRES-Cre;Ai14-412165,F,P59,Sst-IRES-Cre/wt;Ai14(RCL-tdT)/wt
412562,Sst-IRES-Cre;Ai14-412562,F,P58,Sst-IRES-Cre/wt;Ai14(RCL-tdT)/wt
412556,Sst-IRES-Cre;Ai14-412556,M,P58,Sst-IRES-Cre/wt;Ai14(RCL-tdT)/wt
412526,Ndnf-IRES2-dgCre;Slc32a1-IRES2-FlpO;Ai65-412526,M,P57,Ndnf-IRES2-dgCre/wt;Slc32a1-IRES2-FlpO/wt;Ai65(RCFL-tdT)/wt
412554,Sst-IRES-Cre;Ai14-412554,M,P60,Sst-IRES-Cre/wt;Ai14(RCL-tdT)/wt
412860,Sst-IRES-Cre;Ai14-412860,F,P58,Sst-IRES-Cre/wt;Ai14(RCL-tdT)/wt
412856,Sst-IRES-Cre;Ai14-412856,M,P58,Sst-IRES-Cre/wt;Ai14(RCL-tdT)/wt
415614,Sst-IRES-Cre;Ai167-415614,M,P45,Sst-IRES-Cre/wt;Ai167(TIT2L-ChrimsonR-tdT-ICL-tTA2)/wt
413064,Vip-IRES-Cre;Npy-IRES2-FlpO;Ai65-413064,M,P60,Vip-IRES-Cre/wt;Npy-IRES2-FlpO/wt;Ai65(RCFL-tdT)/wt
413266,Pvalb-IRES-Cre;Ai14-413266,M,P59,Pvalb-IRES-Cre/wt;Ai14(RCL-tdT)/wt
414132,Sst-IRES-Cre;Ai14-414132,F,P55,Sst-IRES-Cre/wt;Ai14(RCL-tdT)/wt
415615,Sst-IRES-Cre;Ai167-415615,M,P46,Sst-IRES-Cre/wt;Ai167(TIT2L-ChrimsonR-tdT-ICL-tTA2)/wt
413068,Vip-IRES-Cre;Npy-IRES2-FlpO;Ai65-413068,F,P61,Vip-IRES-Cre/wt;Npy-IRES2-FlpO/wt;Ai65(RCFL-tdT)/wt
413503,Chrna2-Cre_OE25;Vip-IRES-FlpO;Ai65-413503,M,P58,Chrna2-Cre_OE25/wt;Vip-IRES-FlpO/wt;Ai65(RCFL-tdT)/wt
413268,Pvalb-IRES-Cre;Ai14-413268,F,P61,Pvalb-IRES-Cre/wt;Ai14(RCL-tdT)/wt
413072,Vip-IRES-Cre;Npy-IRES2-FlpO;Ai65-413072,F,P62,Vip-IRES-Cre/wt;Npy-IRES2-FlpO/wt;Ai65(RCFL-tdT)/wt
413970,Pvalb-IRES-Cre;Ai14-413970,M,P56,Pvalb-IRES-Cre/wt;Ai14(RCL-tdT)/wt
413509,Chrna2-Cre_OE25;Vip-IRES-FlpO;Ai65-413509,F,P59,Chrna2-Cre_OE25/wt;Vip-IRES-FlpO/wt;Ai65(RCFL-tdT)/wt
415616,Sst-IRES-Cre;Ai167-415616,F,P48,Sst-IRES-Cre/wt;Ai167(TIT2L-ChrimsonR-tdT-ICL-tTA2)/wt
413971,Pvalb-IRES-Cre;Ai14-413971,M,P57,Pvalb-IRES-Cre/wt;Ai14(RCL-tdT)/wt
415617,Sst-IRES-Cre;Ai167-415617,F,P49,Sst-IRES-Cre/wt;Ai167(TIT2L-ChrimsonR-tdT-ICL-tTA2)/wt
415181,Vipr2-IRES2-Cre;Pvalb-T2A-FlpO;Ai65-415181,F,P59,Vipr2-IRES2-Cre/wt;Pvalb-T2A-FlpO/wt;Ai65(RCFL-tdT)/wt
413974,Pvalb-IRES-Cre;Ai14-413974,F,P58,Pvalb-IRES-Cre/wt;Ai14(RCL-tdT)/wt
415618,Sst-IRES-Cre;Ai167-415618,F,P52,Sst-IRES-Cre/wt;Ai167(TIT2L-ChrimsonR-tdT-ICL-tTA2)/wt
415022,Cck-IRES-Cre;Vip-IRES-FlpO;Ai65-415022,M,P55,Cck-IRES-Cre/wt;Vip-IRES-FlpO/wt;Ai65(RCFL-tdT)/wt
418986,Tlx3-Cre_PL56;Ai140;Sst-IRES-FlpO;Ai65F-418986,F,P34,Tlx3-Cre_PL56/wt;Sst-IRES-FlpO/wt;Ai65F/wt
415064,Vip-IRES-Cre;Ai14-415064,M,P55,Vip-IRES-Cre/wt;Ai14(RCL-tdT)/wt
416171,Sst-IRES-Cre;Ai167-416171,M,P51,Sst-IRES-Cre/wt;Ai167(TIT2L-ChrimsonR-tdT-ICL-tTA2)/wt
415421,Cck-IRES-Cre;Vip-IRES-FlpO;Ai65-415421,M,P54,Cck-IRES-Cre/wt;Vip-IRES-FlpO/wt;Ai65(RCFL-tdT)/wt
415065,Vip-IRES-Cre;Ai14-415065,M,P56,Vip-IRES-Cre/wt;Ai14(RCL-tdT)/wt
415796,Pvalb-IRES-Cre;Ai14-415796,M,P52,Pvalb-IRES-Cre/wt;Ai14(RCL-tdT)/wt
415068,Vip-IRES-Cre;Ai14-415068,M,P56,Vip-IRES-Cre/wt;Ai14(RCL-tdT)/wt
418965,Vip-IRES-Cre;Ai140;Sst-IRES-FlpO;Ai65F-418965,M,P36,Vip-IRES-Cre/wt;Sst-IRES-FlpO/wt;Ai65F/Ai65F
416176,Sst-IRES-Cre;Ai167-416176,F,P54,Sst-IRES-Cre/wt;Ai167(TIT2L-ChrimsonR-tdT-ICL-tTA2)/wt
416864,Vip-IRES-Cre;Ai14-416864,M,P59,Vip-IRES-Cre/wt;Ai14(RCL-tdT)/wt
415350,Vip-IRES-Cre;Npy-IRES2-FlpO;Ai65-415350,M,P58,Vip-IRES-Cre/wt;Npy-IRES2-FlpO/wt;Ai65(RCFL-tdT)/wt
416871,Vip-IRES-Cre;Ai14-416871,F,P59,Vip-IRES-Cre/wt;Ai14(RCL-tdT)/wt
416120,Sst-IRES-Cre;Ai14-416120,M,P57,Sst-IRES-Cre/wt;Ai14(RCL-tdT)/wt
416722,Crh-IRES-Cre_ZJH;Sst-IRES-FlpO;Ai65-416722,M,P54,Crh-IRES-Cre_ZJH/wt;Sst-IRES-FlpO/wt;Ai65(RCFL-tdT)/wt
417227,Vip-IRES-Cre;Ai14-417227,M,P52,Vip-IRES-Cre/wt;Ai14(RCL-tdT)/wt
416134,Sst-IRES-Cre;Ai14-416134,F,P57,Sst-IRES-Cre/wt;Ai14(RCL-tdT)/wt
416125,Sst-IRES-Cre;Ai14-416125,F,P58,Sst-IRES-Cre/wt;Ai14(RCL-tdT)/wt
416870,Vip-IRES-Cre;Ai14-416870,F,9 wks,Vip-IRES-Cre/wt;Ai14(RCL-tdT)/wt
416135,Sst-IRES-Cre;Ai14-416135,F,P58,Sst-IRES-Cre/wt;Ai14(RCL-tdT)/wt
417228,Vip-IRES-Cre;Ai14-417228,M,P53,Vip-IRES-Cre/wt;Ai14(RCL-tdT)/wt
416131,Sst-IRES-Cre;Ai14-416131,M,P59,Sst-IRES-Cre/wt;Ai14(RCL-tdT)/wt
417327,Cck-IRES-Cre;Vip-IRES-FlpO;Ai65-417327,M,P53,Cck-IRES-Cre/wt;Vip-IRES-FlpO/wt;Ai65(RCFL-tdT)/wt
416483,Sst-IRES-Cre;Ai14-416483,M,P57,Sst-IRES-Cre/wt;Ai14(RCL-tdT)/wt
417229,Vip-IRES-Cre;Ai14-417229,F,P54,Vip-IRES-Cre/wt;Ai14(RCL-tdT)/wt
416132,Sst-IRES-Cre;Ai14-416132,M,P61,Sst-IRES-Cre/wt;Ai14(RCL-tdT)/wt
416938,Vip-IRES-Cre;Npy-IRES2-FlpO;Ai65-416938,F,P57,Vip-IRES-Cre/wt;Npy-IRES2-FlpO/wt;Ai65(RCFL-tdT)/wt
416484,Sst-IRES-Cre;Ai14-416484,F,P59,Sst-IRES-Cre/wt;Ai14(RCL-tdT)/wt
417331,Cck-IRES-Cre;Vip-IRES-FlpO;Ai65-417331,M,P55,Cck-IRES-Cre/wt;Vip-IRES-FlpO/wt;Ai65(RCFL-tdT)/wt
418222,Vip-IRES-Cre;Ai14-418222,M,P53,Vip-IRES-Cre/wt;Ai14(RCL-tdT)/wt
417268,Pvalb-IRES-Cre;Ai14-417268,M,P58,Pvalb-IRES-Cre/wt;Ai14(RCL-tdT)/wt
417710,Cck-IRES-Cre;Vip-IRES-FlpO;Ai65-417710,M,P56,Cck-IRES-Cre/wt;Vip-IRES-FlpO/wt;Ai65(RCFL-tdT)/wt
418225,Vip-IRES-Cre;Ai14-418225,F,P54,Vip-IRES-Cre/wt;Ai14(RCL-tdT)/wt
417711,Cck-IRES-Cre;Vip-IRES-FlpO;Ai65-417711,M,P57,Cck-IRES-Cre/wt;Vip-IRES-FlpO/wt;Ai65(RCFL-tdT)/wt
418120,Pvalb-IRES-Cre;Ai14-418120,M,P55,Pvalb-IRES-Cre/wt;Ai14(RCL-tdT)/wt
418227,Vip-IRES-Cre;Ai14-418227,F,P56,Vip-IRES-Cre/wt;Ai14(RCL-tdT)/wt
418125,Pvalb-IRES-Cre;Ai14-418125,F,P57,Pvalb-IRES-Cre/wt;Ai14(RCL-tdT)/wt
417712,Cck-IRES-Cre;Vip-IRES-FlpO;Ai65-417712,M,P59,Cck-IRES-Cre/wt;Vip-IRES-FlpO/wt;Ai65(RCFL-tdT)/wt
418126,Pvalb-IRES-Cre;Ai14-418126,F,P57,Pvalb-IRES-Cre/wt;Ai14(RCL-tdT)/wt
418127,Pvalb-IRES-Cre;Ai14-418127,F,P58,Pvalb-IRES-Cre/wt;Ai14(RCL-tdT)/wt
417321,Pvalb-T2A-CreERT2;Ai14-417321,M,P62,Pvalb-T2A-CreERT2/wt;Ai14(RCL-tdT)/wt
417322,Pvalb-T2A-CreERT2;Ai14-417322,F,P62,Pvalb-T2A-CreERT2/wt;Ai14(RCL-tdT)/wt
418813,Slc32a1-IRES-Cre;Ai14-418813,M,P56,Slc32a1-IRES-Cre/wt;Ai14(RCL-tdT)/wt
419284,Gad2-IRES-Cre;Ai14-419284,M,P54,Gad2-IRES-Cre/wt;Ai14(RCL-tdT)/wt
418814,Slc32a1-IRES-Cre;Ai14-418814,M,P57,Slc32a1-IRES-Cre/wt;Ai14(RCL-tdT)/wt
419287,Gad2-IRES-Cre;Ai14-419287,F,P55,Gad2-IRES-Cre/wt;Ai14(RCL-tdT)/wt
419907,Pvalb-IRES-Cre;Ai14-419907,M,P52,Pvalb-IRES-Cre/wt;Ai14(RCL-tdT)/wt
418815,Slc32a1-IRES-Cre;Ai14-418815,M,P58,Slc32a1-IRES-Cre/wt;Ai14(RCL-tdT)/wt
419797,Ndnf-IRES2-dgCre;Slc32a1-IRES2-FlpO;Ai65-419797,M,P53,Ndnf-IRES2-dgCre/wt;Slc32a1-IRES2-FlpO/wt;Ai65(RCFL-tdT)/wt
419291,Gad2-IRES-Cre;Ai14-419291,F,P56,Gad2-IRES-Cre/wt;Ai14(RCL-tdT)/wt
419911,Pvalb-IRES-Cre;Ai14-419911,F,P54,Pvalb-IRES-Cre/wt;Ai14(RCL-tdT)/wt
418816,Slc32a1-IRES-Cre;Ai14-418816,M,P60,Slc32a1-IRES-Cre/wt;Ai14(RCL-tdT)/wt
419991,Htr3a-Cre_NO152;Pvalb-T2A-FlpO;Ai65-419991,F,P54,Htr3a-Cre_NO152/wt;Pvalb-T2A-FlpO/wt;Ai65(RCFL-tdT)/wt
422598,Slc32a1-IRES-Cre;Ai14-422598,F,P60,Slc32a1-IRES-Cre/wt;Ai14(RCL-tdT)/wt
421489,Sst-IRES-Cre;Ai14-421489,F,P50,Sst-IRES-Cre/wt;Ai14(RCL-tdT)/wt
420772,Chrna2-Cre_OE25;Vip-IRES-FlpO;Ai65-420772,M,P53,Chrna2-Cre_OE25/wt;Vip-IRES-FlpO/wt;Ai65(RCFL-tdT)/wt
420776,Chrna2-Cre_OE25;Vip-IRES-FlpO;Ai65-420776,F,P53,Chrna2-Cre_OE25/wt;Vip-IRES-FlpO/wt;Ai65(RCFL-tdT)/wt
421030,Nos1-CreERT2;Ai14-421030,M,P52,Nos1-CreERT2/wt;Ai14(RCL-tdT)/wt
421031,Nos1-CreERT2;Ai14-421031,M,P53,Nos1-CreERT2/wt;Ai14(RCL-tdT)/wt
420778,Chrna2-Cre_OE25;Vip-IRES-FlpO;Ai65-420778,F,P54,Chrna2-Cre_OE25/wt;Vip-IRES-FlpO/wt;Ai65(RCFL-tdT)/wt
421493,Sst-IRES-Cre;Ai14-421493,F,P53,Sst-IRES-Cre/wt;Ai14(RCL-tdT)/wt
421368,Chrna2-Cre_OE25;Sst-IRES-FlpO;Ai65-421368,F,P54,Chrna2-Cre_OE25/wt;Sst-IRES-FlpO/wt;Ai65(RCFL-tdT)/wt
421750,Sst-IRES-Cre;Ai14-421750,M,P54,Sst-IRES-Cre/wt;Ai14(RCL-tdT)/wt
422365,Pvalb-IRES-Cre;Ai14-422365,M,P51,Pvalb-IRES-Cre/wt;Ai14(RCL-tdT)/wt
421976,Pvalb-IRES-Cre;Th-P2A-FlpO;Ai65-421976,M,P53,Pvalb-IRES-Cre/wt;Th-P2A-FlpO/wt;Ai65(RCFL-tdT)/wt
422072,Sst-IRES-Cre;Ai14-422072,F,P53,Sst-IRES-Cre/wt;Ai14(RCL-tdT)/wt
421751,Sst-IRES-Cre;Ai14-421751,M,P55,Sst-IRES-Cre/wt;Ai14(RCL-tdT)/wt
422067,Sst-IRES-Cre;Ai14-422067,M,P56,Sst-IRES-Cre/wt;Ai14(RCL-tdT)/wt
422368,Pvalb-IRES-Cre;Ai14-422368,F,P54,Pvalb-IRES-Cre/wt;Ai14(RCL-tdT)/wt
422075,Sst-IRES-Cre;Ai14-422075,F,P56,Sst-IRES-Cre/wt;Ai14(RCL-tdT)/wt
422069,Sst-IRES-Cre;Ai14-422069,F,P56,Sst-IRES-Cre/wt;Ai14(RCL-tdT)/wt
422068,Sst-IRES-Cre;Ai14-422068,M,P57,Sst-IRES-Cre/wt;Ai14(RCL-tdT)/wt
422369,Pvalb-IRES-Cre;Ai14-422369,F,P55,Pvalb-IRES-Cre/wt;Ai14(RCL-tdT)/wt
422070,Sst-IRES-Cre;Ai14-422070,F,P57,Sst-IRES-Cre/wt;Ai14(RCL-tdT)/wt
426641,Sst-IRES-Cre;Ai14-426641,M,P56,Sst-IRES-Cre/wt;Ai14(RCL-tdT)/wt
423844,Nos1-CreERT2;Sst-IRES-FlpO;Ai65-423844,M,P56,Nos1-CreERT2/wt;Sst-IRES-FlpO/wt;Ai65(RCFL-tdT)/wt
424614,Vip-IRES-Cre;Ai14-424614,M,P54,Vip-IRES-Cre/wt;Ai14(RCL-tdT)/wt
426642,Sst-IRES-Cre;Ai14-426642,M,P57,Sst-IRES-Cre/wt;Ai14(RCL-tdT)/wt
424615,Vip-IRES-Cre;Ai14-424615,M,P55,Vip-IRES-Cre/wt;Ai14(RCL-tdT)/wt
424963,Sst-IRES-Cre;Th-P2A-FlpO;Ai65-424963,M,P54,Sst-IRES-Cre/wt;Th-P2A-FlpO/wt;Ai65(RCFL-tdT)/wt
424091,Vip-IRES-Cre;Ai14-424091,F,P57,Vip-IRES-Cre/wt;Ai14(RCL-tdT)/wt
426645,Sst-IRES-Cre;Ai14-426645,F,P59,Sst-IRES-Cre/wt;Ai14(RCL-tdT)/wt
424092,Vip-IRES-Cre;Ai14-424092,F,P59,Vip-IRES-Cre/wt;Ai14(RCL-tdT)/wt
425123,Cck-IRES-Cre;Vip-IRES-FlpO;Ai65-425123,M,P54,Cck-IRES-Cre/wt;Vip-IRES-FlpO/wt;Ai65(RCFL-tdT)/wt
424616,Vip-IRES-Cre;Ai14-424616,M,P57,Vip-IRES-Cre/wt;Ai14(RCL-tdT)/wt
425128,Cck-IRES-Cre;Vip-IRES-FlpO;Ai65-425128,F,P55,Cck-IRES-Cre/wt;Vip-IRES-FlpO/wt;Ai65(RCFL-tdT)/wt
424966,Sst-IRES-Cre;Th-P2A-FlpO;Ai65-424966,F,P57,Sst-IRES-Cre/wt;Th-P2A-FlpO/wt;Ai65(RCFL-tdT)/wt
424619,Vip-IRES-Cre;Ai14-424619,F,P58,Vip-IRES-Cre/wt;Ai14(RCL-tdT)/wt
425899,Nos1-CreERT2;Sst-IRES-FlpO;Ai65-425899,M,P60,Nos1-CreERT2/wt;Sst-IRES-FlpO/wt;Ai65(RCFL-tdT)/wt
426687,Pvalb-IRES-Cre;Ai14-426687,M,P56,Pvalb-IRES-Cre/wt;Ai14(RCL-tdT)/wt
426167,Sst-IRES-Cre;Ai14-426167,M,P59,Sst-IRES-Cre/wt;Ai14(RCL-tdT)/wt
425903,Nos1-CreERT2;Sst-IRES-FlpO;Ai65-425903,M,P61,Nos1-CreERT2/wt;Sst-IRES-FlpO/wt;Ai65(RCFL-tdT)/wt
426688,Pvalb-IRES-Cre;Ai14-426688,M,P57,Pvalb-IRES-Cre/wt;Ai14(RCL-tdT)/wt
426169,Sst-IRES-Cre;Ai14-426169,M,P61,Sst-IRES-Cre/wt;Ai14(RCL-tdT)/wt
427597,Ndnf-IRES2-dgCre;Slc32a1-IRES2-FlpO;Ai65-427597,M,P53,Ndnf-IRES2-dgCre/wt;Slc32a1-IRES2-FlpO/wt;Ai65(RCFL-tdT)/wt
427894,Sst-IRES-Cre;Ai14-427894,M,P52,Sst-IRES-Cre/wt;Ai14(RCL-tdT)/wt
427600,Ndnf-IRES2-dgCre;Slc32a1-IRES2-FlpO;Ai65-427600,M,P54,Ndnf-IRES2-dgCre/wt;Slc32a1-IRES2-FlpO/wt;Ai65(RCFL-tdT)/wt
427056,Vip-IRES-Cre;Ai14-427056,F,P57,Vip-IRES-Cre/wt;Ai14(RCL-tdT)/wt
429524,Gad2-IRES-Cre;Ai14-429524,M,P54,Gad2-IRES-Cre/wt;Ai14(RCL-tdT)/wt
429752,Sst-IRES-Cre;Ai14-429752,M,P53,Sst-IRES-Cre/wt;Ai14(RCL-tdT)/wt
430206,Htr3a-Cre_NO152;Ai14-430206,M,P51,Htr3a-Cre_NO152/wt;Ai14(RCL-tdT)/wt
429748,Sst-IRES-Cre;Ai14-429748,M,P56,Sst-IRES-Cre/wt;Ai14(RCL-tdT)/wt
429754,Sst-IRES-Cre;Ai14-429754,M,P56,Sst-IRES-Cre/wt;Ai14(RCL-tdT)/wt
429750,Sst-IRES-Cre;Ai14-429750,M,P57,Sst-IRES-Cre/wt;Ai14(RCL-tdT)/wt
429756,Sst-IRES-Cre;Ai14-429756,F,P57,Sst-IRES-Cre/wt;Ai14(RCL-tdT)/wt
429613,Chrna2-Cre_OE25;Pvalb-T2A-FlpO;Ai65-429613,F,P57,Chrna2-Cre_OE25/wt;Pvalb-T2A-FlpO/wt;Ai65(RCFL-tdT)/wt
431133,Vip-IRES-Cre;Ai14-431133,M,P53,Vip-IRES-Cre/wt;Ai14(RCL-tdT)/wt
430947,Ndnf-IRES2-dgCre;Ai14-430947,M,P54,Ndnf-IRES2-dgCre/wt;Ai14(RCL-tdT)/wt
431562,Htr3a-Cre_NO152;Ai14-431562,M,P50,Htr3a-Cre_NO152/wt;Ai14(RCL-tdT)/wt
431135,Vip-IRES-Cre;Ai14-431135,M,P54,Vip-IRES-Cre/wt;Ai14(RCL-tdT)/wt
432548,Sncg-IRES2-FlpO-neo;Ai65F-432548,F,P49,Sncg-IRES2-FlpO-neo/wt;Ai65F/wt
429815,Sst-IRES-Cre;Ai167-429815,F,P62,Sst-IRES-Cre/wt;Ai167(TIT2L-ChrimsonR-tdT-ICL-tTA2)/wt
433538,Cck-IRES-Cre;Vip-IRES-FlpO;Ai65-433538,M,P48,Cck-IRES-Cre/wt;Vip-IRES-FlpO/wt;Ai65(RCFL-tdT)/wt
433542,Cck-IRES-Cre;Vip-IRES-FlpO;Ai65-433542,M,P48,Cck-IRES-Cre/wt;Vip-IRES-FlpO/wt;Ai65(RCFL-tdT)/wt
432052,Sst-IRES-Cre;Ai167-432052,F,P53,Sst-IRES-Cre/wt;Ai167(TIT2L-ChrimsonR-tdT-ICL-tTA2)/wt
433569,Vip-IRES-Cre;Ai14-433569,M,P58,Vip-IRES-Cre/wt;Ai14(RCL-tdT)/wt
434707,Sst-IRES-Cre;Ai167-434707,M,P51,Sst-IRES-Cre/wt;Ai167(TIT2L-ChrimsonR-tdT-ICL-tTA2)/wt
434706,Sst-IRES-Cre;Ai167-434706,M,P51,Sst-IRES-Cre/wt;Ai167(TIT2L-ChrimsonR-tdT-ICL-tTA2)/wt
434645,Sst-IRES-Cre;Ai14-434645,M,P55,Sst-IRES-Cre/wt;Ai14(RCL-tdT)/wt
434653,Pvalb-IRES-Cre;Ai14-434653,M,P55,Pvalb-IRES-Cre/wt;Ai14(RCL-tdT)/wt
434336,Cck-IRES-Cre;Vip-IRES-FlpO;Ai65-434336,M,P55,Cck-IRES-Cre/wt;Vip-IRES-FlpO/wt;Ai65(RCFL-tdT)/wt
434644,Sst-IRES-Cre;Ai14-434644,M,P55,Sst-IRES-Cre/wt;Ai14(RCL-tdT)/wt
434646,Sst-IRES-Cre;Ai14-434646,M,P58,Sst-IRES-Cre/wt;Ai14(RCL-tdT)/wt
433574,Vip-IRES-Cre;Ai14-433574,F,P62,Vip-IRES-Cre/wt;Ai14(RCL-tdT)/wt
434034,Gad2-IRES-Cre;Ai14-434034,F,P61,Gad2-IRES-Cre/wt;Ai14(RCL-tdT)/wt
434647,Sst-IRES-Cre;Ai14-434647,F,P59,Sst-IRES-Cre/wt;Ai14(RCL-tdT)/wt
435635,Vip-IRES-Cre;Ai14-435635,M,P52,Vip-IRES-Cre/wt;Ai14(RCL-tdT)/wt
434648,Sst-IRES-Cre;Ai14-434648,F,P61,Sst-IRES-Cre/wt;Ai14(RCL-tdT)/wt
435566,Sst-IRES-Cre;Ai14-435566,M,P55,Sst-IRES-Cre/wt;Ai14(RCL-tdT)/wt
434760,Pvalb-IRES-Cre;Ai14-434760,F,P59,Pvalb-IRES-Cre/wt;Ai14(RCL-tdT)/wt
435637,Vip-IRES-Cre;Ai14-435637,F,P55,Vip-IRES-Cre/wt;Ai14(RCL-tdT)/wt
435570,Sst-IRES-Cre;Ai14-435570,M,P56,Sst-IRES-Cre/wt;Ai14(RCL-tdT)/wt
436143,Crh-IRES-Cre_ZJH;Sst-IRES-FlpO;Ai65-436143,F,P56,Crh-IRES-Cre_ZJH/wt;Sst-IRES-FlpO/wt;Ai65(RCFL-tdT)/wt
436293,Pvalb-IRES-Cre;Ai14-436293,M,P55,Pvalb-IRES-Cre/wt;Ai14(RCL-tdT)/wt
436102,Sst-IRES-Cre;Ai14-436102,M,P56,Sst-IRES-Cre/wt;Ai14(RCL-tdT)/wt
437007,Sst-IRES-Cre;Ai14-437007,M,P54,Sst-IRES-Cre/wt;Ai14(RCL-tdT)/wt
436295,Pvalb-IRES-Cre;Ai14-436295,M,P56,Pvalb-IRES-Cre/wt;Ai14(RCL-tdT)/wt
436104,Sst-IRES-Cre;Ai14-436104,M,P57,Sst-IRES-Cre/wt;Ai14(RCL-tdT)/wt
437074,Vipr2-IRES2-Cre;Pvalb-T2A-FlpO;Ai65-437074,M,P53,Vipr2-IRES2-Cre/wt;Pvalb-T2A-FlpO/wt;Ai65(RCFL-tdT)/wt
436296,Pvalb-IRES-Cre;Ai14-436296,F,P58,Pvalb-IRES-Cre/wt;Ai14(RCL-tdT)/wt
434588,Cck-IRES-Cre;Vip-IRES-FlpO;Ai65-434588,F,P75,Cck-IRES-Cre/wt;Vip-IRES-FlpO/wt;Ai65(RCFL-tdT)/wt
436174,Nos1-CreERT2;Sst-IRES-FlpO;Ai65-436174,M,P58,Nos1-CreERT2/wt;Sst-IRES-FlpO/wt;Ai65(RCFL-tdT)/wt
436148,Crh-IRES-Cre_ZJH;Sst-IRES-FlpO;Ai65-436148,F,P60,Crh-IRES-Cre_ZJH/wt;Sst-IRES-FlpO/wt;Ai65(RCFL-tdT)/wt
437077,Vipr2-IRES2-Cre;Pvalb-T2A-FlpO;Ai65-437077,M,P56,Vipr2-IRES2-Cre/wt;Pvalb-T2A-FlpO/wt;Ai65(RCFL-tdT)/wt
437116,Vip-IRES-Cre;Ai14-437116,M,P56,Vip-IRES-Cre/wt;Ai14(RCL-tdT)/wt
437762,Vip-IRES-Cre;Ai14-437762,M,P59,Vip-IRES-Cre/wt;Ai14(RCL-tdT)/wt
437559,Slc32a1-IRES-Cre;Ai14-437559,F,P60,Slc32a1-IRES-Cre/wt;Ai14(RCL-tdT)/wt
437683,Cck-IRES-Cre;Vip-IRES-FlpO;Ai65-437683,M,P60,Cck-IRES-Cre/wt;Vip-IRES-FlpO/wt;Ai65(RCFL-tdT)/wt
439424,Crh-IRES-Cre_ZJH;Sst-IRES-FlpO;Ai65-439424,M,P54,Crh-IRES-Cre_ZJH/wt;Sst-IRES-FlpO/wt;Ai65(RCFL-tdT)/wt
439425,Crh-IRES-Cre_ZJH;Sst-IRES-FlpO;Ai65-439425,M,P56,Crh-IRES-Cre_ZJH/wt;Sst-IRES-FlpO/wt;Ai65(RCFL-tdT)/wt
439428,Crh-IRES-Cre_ZJH;Sst-IRES-FlpO;Ai65-439428,F,P56,Crh-IRES-Cre_ZJH/wt;Sst-IRES-FlpO/wt;Ai65(RCFL-tdT)/wt
438714,Gad2-IRES-Cre;Ai14-438714,F,P61,Gad2-IRES-Cre/wt;Ai14(RCL-tdT)/wt
439426,Crh-IRES-Cre_ZJH;Sst-IRES-FlpO;Ai65-439426,M,P57,Crh-IRES-Cre_ZJH/wt;Sst-IRES-FlpO/wt;Ai65(RCFL-tdT)/wt
439904,Nos1-CreERT2;Sst-IRES-FlpO;Ai65-439904,M,P55,Nos1-CreERT2/wt;Sst-IRES-FlpO/wt;Ai65(RCFL-tdT)/wt
439873,Penk-IRES2-Cre-neo;Slc17a6-IRES2-FlpO-439873-Ai65,M,P55,Penk-IRES2-Cre-neo/wt;Slc17a6-IRES2-FlpO/wt;Ai65(RCFL-tdT)/wt
439541,Sst-IRES-Cre;Ai167-439541,F,P57,Sst-IRES-Cre/wt;Ai167(TIT2L-ChrimsonR-tdT-ICL-tTA2)/wt
439427,Crh-IRES-Cre_ZJH;Sst-IRES-FlpO;Ai65-439427,F,P58,Crh-IRES-Cre_ZJH/wt;Sst-IRES-FlpO/wt;Ai65(RCFL-tdT)/wt
439925,Sst-IRES-Cre;Ai14-439925,M,P57,Sst-IRES-Cre/wt;Ai14(RCL-tdT)/wt
440449,Pvalb-IRES-Cre;Ai14-440449,M,P56,Pvalb-IRES-Cre/wt;Ai14(RCL-tdT)/wt
441787,Sst-IRES-Cre;Ai167-441787,M,P51,Sst-IRES-Cre/wt;Ai167(TIT2L-ChrimsonR-tdT-ICL-tTA2)/wt
440450,Pvalb-IRES-Cre;Ai14-440450,M,P57,Pvalb-IRES-Cre/wt;Ai14(RCL-tdT)/wt
441789,Sst-IRES-Cre;Ai167-441789,F,P53,Sst-IRES-Cre/wt;Ai167(TIT2L-ChrimsonR-tdT-ICL-tTA2)/wt
440451,Pvalb-IRES-Cre;Ai14-440451,M,P59,Pvalb-IRES-Cre/wt;Ai14(RCL-tdT)/wt
440917,Htr3a-Cre_NO152;Pvalb-T2A-FlpO;Ai65-440917,F,P58,Htr3a-Cre_NO152/wt;Pvalb-T2A-FlpO/wt;Ai65(RCFL-tdT)/wt
440452,Pvalb-IRES-Cre;Ai14-440452,M,P60,Pvalb-IRES-Cre/wt;Ai14(RCL-tdT)/wt
440916,Htr3a-Cre_NO152;Pvalb-T2A-FlpO;Ai65-440916,M,P62,Htr3a-Cre_NO152/wt;Pvalb-T2A-FlpO/wt;Ai65(RCFL-tdT)/wt
442794,Ndnf-IRES2-dgCre;Ai14-442794,M,P53,Ndnf-IRES2-dgCre/wt;Ai14(RCL-tdT)/wt
441829,Chrna2-Cre_OE25;Sst-IRES-FlpO;Ai65-441829,F,P58,Chrna2-Cre_OE25/wt;Sst-IRES-FlpO/wt;Ai65(RCFL-tdT)/wt
442767,Pvalb-IRES-Cre;Ai14-442767,M,P53,Pvalb-IRES-Cre/wt;Ai14(RCL-tdT)/wt
442297,Glt25d2-Cre_NF107;Ai14-442297,M,P57,Glt25d2-Cre_NF107/wt;Ai14(RCL-tdT)/wt
442768,Pvalb-IRES-Cre;Ai14-442768,M,P55,Pvalb-IRES-Cre/wt;Ai14(RCL-tdT)/wt
442769,Pvalb-IRES-Cre;Ai14-442769,F,P56,Pvalb-IRES-Cre/wt;Ai14(RCL-tdT)/wt
442796,Ndnf-IRES2-dgCre;Ai14-442796,F,P56,Ndnf-IRES2-dgCre/wt;Ai14(RCL-tdT)/wt
442770,Pvalb-IRES-Cre;Ai14-442770,F,P56,Pvalb-IRES-Cre/wt;Ai14(RCL-tdT)/wt
442797,Ndnf-IRES2-dgCre;Ai14-442797,F,P56,Ndnf-IRES2-dgCre/wt;Ai14(RCL-tdT)/wt
442606,Htr3a-Cre_NO152;Ai14-442606,F,P60,Htr3a-Cre_NO152/wt;Ai14(RCL-tdT)/wt
442954,Scnn1a-Tg1-Cre;Ai14-442954,M,P57,Scnn1a-Tg1-Cre/wt;Ai14(RCL-tdT)/wt
442765,Pvalb-IRES-Cre;Ai14-442765,M,P60,Pvalb-IRES-Cre/wt;Ai14(RCL-tdT)/wt
443337,Ndnf-IRES2-dgCre;Slc32a1-IRES2-FlpO;Ai65-443337,M,P56,Ndnf-IRES2-dgCre/wt;Slc32a1-IRES2-FlpO/wt;Ai65(RCFL-tdT)/wt
444161,Gad2-IRES-Cre;Ai14-444161,M,P53,Gad2-IRES-Cre/wt;Ai14(RCL-tdT)/wt
443338,Ndnf-IRES2-dgCre;Slc32a1-IRES2-FlpO;Ai65-443338,M,P58,Ndnf-IRES2-dgCre/wt;Slc32a1-IRES2-FlpO/wt;Ai65(RCFL-tdT)/wt
445308,Ndnf-IRES2-dgCre;Slc32a1-IRES2-FlpO;Ai65-445308,F,P59,Ndnf-IRES2-dgCre/wt;Slc32a1-IRES2-FlpO/wt;Ai65(RCFL-tdT)/wt
442360,Ai65F-Het-442360,F,P65,Ai65F/wt
444912,Vipr2-IRES2-Cre;Pvalb-T2A-FlpO;Ai65-444912,M,P55,Vipr2-IRES2-Cre/wt;Pvalb-T2A-FlpO/wt;Ai65(RCFL-tdT)/wt
445711,Htr3a-Cre_NO152;Ai14-445711,M,P52,Htr3a-Cre_NO152/wt;Ai14(RCL-tdT)/wt
445149,Htr3a-Cre_NO152;Pvalb-T2A-FlpO;Ai65-445149,M,P54,Htr3a-Cre_NO152/wt;Pvalb-T2A-FlpO/wt;Ai65(RCFL-tdT)/wt
444913,Vipr2-IRES2-Cre;Pvalb-T2A-FlpO;Ai65-444913,M,P56,Vipr2-IRES2-Cre/wt;Pvalb-T2A-FlpO/wt;Ai65(RCFL-tdT)/wt
445680,Vip-IRES-Cre;Ai14-445680,M,P53,Vip-IRES-Cre/wt;Ai14(RCL-tdT)/wt
445151,Htr3a-Cre_NO152;Pvalb-T2A-FlpO;Ai65-445151,F,P55,Htr3a-Cre_NO152/wt;Pvalb-T2A-FlpO/wt;Ai65(RCFL-tdT)/wt
445517,Pvalb-IRES-Cre;Th-P2A-FlpO;Ai65-445517,M,P55,Pvalb-IRES-Cre/wt;Th-P2A-FlpO/wt;Ai65(RCFL-tdT)/wt
445712,Htr3a-Cre_NO152;Ai14-445712,M,P55,Htr3a-Cre_NO152/wt;Ai14(RCL-tdT)/wt
445518,Pvalb-IRES-Cre;Th-P2A-FlpO;Ai65-445518,M,P56,Pvalb-IRES-Cre/wt;Th-P2A-FlpO/wt;Ai65(RCFL-tdT)/wt
445683,Vip-IRES-Cre;Ai14-445683,M,P56,Vip-IRES-Cre/wt;Ai14(RCL-tdT)/wt
444843,Gpr139-IRES2-FlpO-WPRE-neo;Ai65F-444843,F,P59,Gpr139-IRES2-FlpO-WPRE-neo/wt;Ai65F/Ai65F
445685,Vip-IRES-Cre;Ai14-445685,F,P59,Vip-IRES-Cre/wt;Ai14(RCL-tdT)/wt
445996,Sst-IRES-Cre;Th-P2A-FlpO;Ai65-445996,F,P58,Sst-IRES-Cre/wt;Th-P2A-FlpO/wt;Ai65(RCFL-tdT)/wt
445805,Pvalb-IRES-Cre;Ai14-445805,F,P59,Pvalb-IRES-Cre/wt;Ai14(RCL-tdT)/wt
446681,Htr3a-Cre_NO152;Ai14-446681,M,P58,Htr3a-Cre_NO152/wt;Ai14(RCL-tdT)/wt
447290,Sst-IRES-Cre;Ai14-447290,M,P57,Sst-IRES-Cre/wt;Ai14(RCL-tdT)/wt
446294,Nos1-CreERT2;Sst-IRES-FlpO;Ai65-446294,M,P60,Nos1-CreERT2/wt;Sst-IRES-FlpO/wt;Ai65(RCFL-tdT)/wt
448829,Pvalb-IRES-Cre;Ai14-448829,M,P55,Pvalb-IRES-Cre/wt;Ai14(RCL-tdT)/wt
448130,Calb1-IRES2-Cre-neo;Ai14-448130,M,P59,Calb1-IRES2-Cre-neo/wt;Ai14(RCL-tdT)/wt
448414,Vip-IRES-Cre;Ai14-448414,M,P57,Vip-IRES-Cre/wt;Ai14(RCL-tdT)/wt
448830,Pvalb-IRES-Cre;Ai14-448830,F,P56,Pvalb-IRES-Cre/wt;Ai14(RCL-tdT)/wt
448132,Calb1-IRES2-Cre-neo;Ai14-448132,F,P60,Calb1-IRES2-Cre-neo/wt;Ai14(RCL-tdT)/wt
449330,Sst-IRES-Cre;Ai14-449330,M,P53,Sst-IRES-Cre/wt;Ai14(RCL-tdT)/wt
448831,Pvalb-IRES-Cre;Ai14-448831,F,P57,Pvalb-IRES-Cre/wt;Ai14(RCL-tdT)/wt
448133,Calb1-IRES2-Cre-neo;Ai14-448133,M,P61,Calb1-IRES2-Cre-neo/wt;Ai14(RCL-tdT)/wt
449335,Sst-IRES-Cre;Ai14-449335,F,P54,Sst-IRES-Cre/wt;Ai14(RCL-tdT)/wt
449585,Nos1-CreERT2;Sst-IRES-FlpO;Ai65-449585,M,P56,Nos1-CreERT2/wt;Sst-IRES-FlpO/wt;Ai65(RCFL-tdT)/wt
449977,Sst-IRES-Cre;Ai14-449977,M,P57,Sst-IRES-Cre/wt;Ai14(RCL-tdT)/wt
449853,Crh-IRES-Cre_ZJH;Sst-IRES-FlpO;Ai65-449853,M,P55,Crh-IRES-Cre_ZJH/wt;Sst-IRES-FlpO/wt;Ai65(RCFL-tdT)/wt
449978,Sst-IRES-Cre;Ai14-449978,M,P58,Sst-IRES-Cre/wt;Ai14(RCL-tdT)/wt
449854,Crh-IRES-Cre_ZJH;Sst-IRES-FlpO;Ai65-449854,M,P56,Crh-IRES-Cre_ZJH/wt;Sst-IRES-FlpO/wt;Ai65(RCFL-tdT)/wt
449979,Sst-IRES-Cre;Ai14-449979,M,P59,Sst-IRES-Cre/wt;Ai14(RCL-tdT)/wt
449860,Crh-IRES-Cre_ZJH;Sst-IRES-FlpO;Ai65-449860,F,P57,Crh-IRES-Cre_ZJH/wt;Sst-IRES-FlpO/wt;Ai65(RCFL-tdT)/wt
450876,Htr3a-Cre_NO152;Ai14-450876,F,P54,Htr3a-Cre_NO152/wt;Ai14(RCL-tdT)/wt
451336,Cck-IRES-Cre;Vip-IRES-FlpO;Ai65-451336,M,P56,Cck-IRES-Cre/wt;Vip-IRES-FlpO/wt;Ai65(RCFL-tdT)/wt
451764,Calb2-IRES-Cre;Sst-IRES-FlpO;Ai65-451764,M,P54,Calb2-IRES-Cre/wt;Sst-IRES-FlpO/wt;Ai65(RCFL-tdT)/wt
451765,Calb2-IRES-Cre;Sst-IRES-FlpO;Ai65-451765,M,P55,Calb2-IRES-Cre/wt;Sst-IRES-FlpO/wt;Ai65(RCFL-tdT)/wt
451767,Calb2-IRES-Cre;Sst-IRES-FlpO;Ai65-451767,M,P55,Calb2-IRES-Cre/wt;Sst-IRES-FlpO/wt;Ai65(RCFL-tdT)/wt
452641,Nos1-CreERT2;Sst-IRES-FlpO;Ai65-452641,M,P54,Nos1-CreERT2/wt;Sst-IRES-FlpO/wt;Ai65(RCFL-tdT)/wt
451768,Calb2-IRES-Cre;Sst-IRES-FlpO;Ai65-451768,F,P57,Calb2-IRES-Cre/wt;Sst-IRES-FlpO/wt;Ai65(RCFL-tdT)/wt
452729,Pvalb-IRES-Cre;Ai14-452729,M,P53,Pvalb-IRES-Cre/wt;Ai14(RCL-tdT)/wt
451770,Calb2-IRES-Cre;Sst-IRES-FlpO;Ai65-451770,F,P58,Calb2-IRES-Cre/wt;Sst-IRES-FlpO/wt;Ai65(RCFL-tdT)/wt
452643,Nos1-CreERT2;Sst-IRES-FlpO;Ai65-452643,F,P55,Nos1-CreERT2/wt;Sst-IRES-FlpO/wt;Ai65(RCFL-tdT)/wt
452731,Pvalb-IRES-Cre;Ai14-452731,M,P54,Pvalb-IRES-Cre/wt;Ai14(RCL-tdT)/wt
453251,Vip-IRES-Cre;Ai14-453251,F,P55,Vip-IRES-Cre/wt;Ai14(RCL-tdT)/wt
452866,Ndnf-IRES2-dgCre;Slc32a1-IRES2-FlpO;Ai65-452866,F,P56,Ndnf-IRES2-dgCre/wt;Slc32a1-IRES2-FlpO/wt;Ai65(RCFL-tdT)/wt
452732,Pvalb-IRES-Cre;Ai14-452732,F,P57,Pvalb-IRES-Cre/wt;Ai14(RCL-tdT)/wt
454282,Crh-IRES-Cre_ZJH;Sst-IRES-FlpO;Ai65-454282,F,P52,Crh-IRES-Cre_ZJH/wt;Sst-IRES-FlpO/wt;Ai65(RCFL-tdT)/wt
453368,Vip-IRES-Cre;Ai14-453368,M,P55,Vip-IRES-Cre/wt;Ai14(RCL-tdT)/wt
454284,Crh-IRES-Cre_ZJH;Sst-IRES-FlpO;Ai65-454284,F,P52,Crh-IRES-Cre_ZJH/wt;Sst-IRES-FlpO/wt;Ai65(RCFL-tdT)/wt
452733,Pvalb-IRES-Cre;Ai14-452733,F,P58,Pvalb-IRES-Cre/wt;Ai14(RCL-tdT)/wt
453372,Vip-IRES-Cre;Ai14-453372,F,P159,Vip-IRES-Cre/wt;Ai14(RCL-tdT)/wt
452734,Pvalb-IRES-Cre;Ai14-452734,F,P59,Pvalb-IRES-Cre/wt;Ai14(RCL-tdT)/wt
453051,Ndnf-IRES2-dgCre;Slc32a1-IRES2-FlpO;Ai65-453051,F,P57,Ndnf-IRES2-dgCre/wt;Slc32a1-IRES2-FlpO/wt;Ai65(RCFL-tdT)/wt
454285,Crh-IRES-Cre_ZJH;Sst-IRES-FlpO;Ai65-454285,F,P55,Crh-IRES-Cre_ZJH/wt;Sst-IRES-FlpO/wt;Ai65(RCFL-tdT)/wt
453902,Calb2-IRES-Cre;Sst-IRES-FlpO;Ai65-453902,F,P56,Calb2-IRES-Cre/wt;Sst-IRES-FlpO/wt;Ai65(RCFL-tdT)/wt
452735,Pvalb-IRES-Cre;Ai14-452735,F,P61,Pvalb-IRES-Cre/wt;Ai14(RCL-tdT)/wt
454977,Sst-IRES-Cre;Ai14-454977,M,P54,Sst-IRES-Cre/wt;Ai14(RCL-tdT)/wt
455521,Vip-IRES-Cre;Ai14-455521,M,P52,Vip-IRES-Cre/wt;Ai14(RCL-tdT)/wt
454538,Slc17a6-IRES-Cre;Ai14-454538,M,P56,Slc17a6-IRES-Cre/wt;Ai14(RCL-tdT)/wt
454978,Sst-IRES-Cre;Ai14-454978,M,P55,Sst-IRES-Cre/wt;Ai14(RCL-tdT)/wt
455994,Sst-IRES-Cre;Th-P2A-FlpO;Ai65-455994,M,P51,Sst-IRES-Cre/wt;Th-P2A-FlpO/wt;Ai65(RCFL-tdT)/wt
455016,Gad2-IRES-Cre;Ai14-455016,M,P55,Gad2-IRES-Cre/wt;Ai14(RCL-tdT)/wt
455917,Sst-IRES-Cre;Ai14-455917,M,P53,Sst-IRES-Cre/wt;Ai14(RCL-tdT)/wt
455920,Sst-IRES-Cre;Ai14-455920,F,P54,Sst-IRES-Cre/wt;Ai14(RCL-tdT)/wt
455018,Gad2-IRES-Cre;Ai14-455018,M,P58,Gad2-IRES-Cre/wt;Ai14(RCL-tdT)/wt
457299,Chrna2-Cre_OE25;Pvalb-T2A-FlpO;Ai65-457299,M,P51,Chrna2-Cre_OE25/wt;Pvalb-T2A-FlpO/wt;Ai65(RCFL-tdT)/wt
457150,Sst-IRES-Cre;Ai14-457150,F,P52,Sst-IRES-Cre/wt;Ai14(RCL-tdT)/wt
456490,Gad2-IRES-Cre;Ai14-456490,M,P56,Gad2-IRES-Cre/wt;Ai14(RCL-tdT)/wt
457304,Chrna2-Cre_OE25;Pvalb-T2A-FlpO;Ai65-457304,F,P54,Chrna2-Cre_OE25/wt;Pvalb-T2A-FlpO/wt;Ai65(RCFL-tdT)/wt
456104,Sncg-IRES2-FlpO-neo;Ai65F-456104,M,P60,Sncg-IRES2-FlpO-neo/wt;Ai65F/wt
456105,Sncg-IRES2-FlpO-neo;Ai65F-456105,M,9 wks,Sncg-IRES2-FlpO-neo/wt;Ai65F/wt
451115,Sncg-IRES2-FlpO-neo;Ai65F-451115,M,P85,Sncg-IRES2-FlpO-neo/wt;Ai65F/wt
456107,Sncg-IRES2-FlpO-neo;Ai65F-456107,M,P64,Sncg-IRES2-FlpO-neo/wt;Ai65F/wt
451117,Sncg-IRES2-FlpO-neo;Ai65F-451117,M,P86,Sncg-IRES2-FlpO-neo/wt;Ai65F/wt
456109,Sncg-IRES2-FlpO-neo;Ai65F-456109,F,P66,Sncg-IRES2-FlpO-neo/wt;Ai65F/wt
451119,Sncg-IRES2-FlpO-neo;Ai65F-451119,F,P89,Sncg-IRES2-FlpO-neo/wt;Ai65F/wt
453077,Sncg-IRES2-FlpO-neo;Ai65F-453077,F,P89,Sncg-IRES2-FlpO-neo/wt;Ai65F/wt
460304,Sncg-IRES2-FlpO-neo;Ai65F-460304,M,P49,Sncg-IRES2-FlpO-neo/wt;Ai65F/wt
456110,Sncg-IRES2-FlpO-neo;Ai65F-456110,F,10 wks,Sncg-IRES2-FlpO-neo/wt;Ai65F/wt
460308,Sncg-IRES2-FlpO-neo;Ai65F-460308,F,P50,Sncg-IRES2-FlpO-neo/wt;Ai65F/wt
458607,Calb2-IRES-Cre;Sst-IRES-FlpO;Ai65-458607,F,P59,Calb2-IRES-Cre/wt;Sst-IRES-FlpO/wt;Ai65(RCFL-tdT)/wt
460309,Sncg-IRES2-FlpO-neo;Ai65F-460309,F,P52,Sncg-IRES2-FlpO-neo/wt;Ai65F/wt
458808,Sst-IRES-Cre;Ai14-458808,F,P59,Sst-IRES-Cre/wt;Ai14(RCL-tdT)/wt
459713,Crh-IRES-Cre_ZJH;Sst-IRES-FlpO;Ai65-459713,F,P56,Crh-IRES-Cre_ZJH/wt;Sst-IRES-FlpO/wt;Ai65(RCFL-tdT)/wt
460310,Sncg-IRES2-FlpO-neo;Ai65F-460310,F,P53,Sncg-IRES2-FlpO-neo/wt;Ai65F/wt
460584,Chrna2-Cre_OE25;Sst-IRES-FlpO;Ai65-460584,M,P56,Chrna2-Cre_OE25/wt;Sst-IRES-FlpO/wt;Ai65(RCFL-tdT)/wt
460694,Calb2-IRES-Cre;Sst-IRES-FlpO;Ai65-460694,M,P54,Calb2-IRES-Cre/wt;Sst-IRES-FlpO/wt;Ai65(RCFL-tdT)/wt
460585,Chrna2-Cre_OE25;Sst-IRES-FlpO;Ai65-460585,F,P57,Chrna2-Cre_OE25/wt;Sst-IRES-FlpO/wt;Ai65(RCFL-tdT)/wt
460695,Calb2-IRES-Cre;Sst-IRES-FlpO;Ai65-460695,M,P55,Calb2-IRES-Cre/wt;Sst-IRES-FlpO/wt;Ai65(RCFL-tdT)/wt
460696,Calb2-IRES-Cre;Sst-IRES-FlpO;Ai65-460696,F,P57,Calb2-IRES-Cre/wt;Sst-IRES-FlpO/wt;Ai65(RCFL-tdT)/wt
460700,Calb2-IRES-Cre;Sst-IRES-FlpO;Ai65-460700,F,P58,Calb2-IRES-Cre/wt;Sst-IRES-FlpO/wt;Ai65(RCFL-tdT)/wt
461574,Ndnf-IRES2-dgCre;Slc32a1-IRES2-FlpO;Ai65-461574,F,P54,Ndnf-IRES2-dgCre/wt;Slc32a1-IRES2-FlpO/wt;Ai65(RCFL-tdT)/wt
462276,Vipr2-IRES2-Cre;Pvalb-T2A-FlpO;Ai65-462276,M,P55,Vipr2-IRES2-Cre/wt;Pvalb-T2A-FlpO/wt;Ai65(RCFL-tdT)/wt
461933,Ndnf-IRES2-dgCre;Slc32a1-IRES2-FlpO;Ai65-461933,F,P55,Ndnf-IRES2-dgCre/wt;Slc32a1-IRES2-FlpO/wt;Ai65(RCFL-tdT)/wt
462536,Penk-IRES2-Cre-neo;Slc17a6-IRES2-FlpO-462536-Ai65,F,P53,Penk-IRES2-Cre-neo/wt;Slc17a6-IRES2-FlpO/wt;Ai65(RCFL-tdT)/wt
462280,Vipr2-IRES2-Cre;Pvalb-T2A-FlpO;Ai65-462280,F,P58,Vipr2-IRES2-Cre/wt;Pvalb-T2A-FlpO/wt;Ai65(RCFL-tdT)/wt
462539,Penk-IRES2-Cre-neo;Slc17a6-IRES2-FlpO-462539-Ai65,F,P55,Penk-IRES2-Cre-neo/wt;Slc17a6-IRES2-FlpO/wt;Ai65(RCFL-tdT)/wt
465339,Nkx2-1-CreERT2;Ai14-465339,M,P43,Nkx2-1-CreERT2/wt;Ai14(RCL-tdT)/wt
465338,Nkx2-1-CreERT2;Ai14-465338,M,6 wks,Nkx2-1-CreERT2/wt;Ai14(RCL-tdT)/wt
462281,Vipr2-IRES2-Cre;Pvalb-T2A-FlpO;Ai65-462281,F,P59,Vipr2-IRES2-Cre/wt;Pvalb-T2A-FlpO/wt;Ai65(RCFL-tdT)/wt
465341,Nkx2-1-CreERT2;Ai14-465341,F,P46,Nkx2-1-CreERT2/wt;Ai14(RCL-tdT)/wt
463471,Pvalb-IRES-Cre;Ai14-463471,M,P55,Pvalb-IRES-Cre/wt;Ai14(RCL-tdT)/wt
463219,Nos1-CreERT2;Sst-IRES-FlpO;Ai65-463219,M,P56,Nos1-CreERT2/wt;Sst-IRES-FlpO/wt;Ai65(RCFL-tdT)/wt
463588,Pvalb-IRES-Cre;Th-P2A-FlpO;Ai65-463588,M,P54,Pvalb-IRES-Cre/wt;Th-P2A-FlpO/wt;Ai65(RCFL-tdT)/wt
465343,Nkx2-1-CreERT2;Ai14-465343,F,P48,Nkx2-1-CreERT2/wt;Ai14(RCL-tdT)/wt
463402,Sst-IRES-Cre;Ai14-463402,M,P57,Sst-IRES-Cre/wt;Ai14(RCL-tdT)/wt
463593,Pvalb-IRES-Cre;Th-P2A-FlpO;Ai65-463593,F,P56,Pvalb-IRES-Cre/wt;Th-P2A-FlpO/wt;Ai65(RCFL-tdT)/wt
463221,Nos1-CreERT2;Sst-IRES-FlpO;Ai65-463221,M,P58,Nos1-CreERT2/wt;Sst-IRES-FlpO/wt;Ai65(RCFL-tdT)/wt
465344,Nkx2-1-CreERT2;Ai14-465344,F,P49,Nkx2-1-CreERT2/wt;Ai14(RCL-tdT)/wt
463831,Htr3a-Cre_NO152;Pvalb-T2A-FlpO;Ai65-463831,M,P56,Htr3a-Cre_NO152/wt;Pvalb-T2A-FlpO/wt;Ai65(RCFL-tdT)/wt
465348,Nkx2-1-CreERT2;Ai14-465348,F,P50,Nkx2-1-CreERT2/wt;Ai14(RCL-tdT)/wt
467263,Penk-IRES2-Cre-neo;Slc17a6-IRES2-FlpO-467263-Ai65,F,P55,Penk-IRES2-Cre-neo/wt;Slc17a6-IRES2-FlpO/wt;Ai65(RCFL-tdT)/wt
467912,Pvalb-IRES-Cre;Th-P2A-FlpO;Ai65-467912,F,P55,Pvalb-IRES-Cre/wt;Th-P2A-FlpO/wt;Ai65(RCFL-tdT)/wt
468415,Pvalb-IRES-Cre;Ai14-468415,M,P56,Pvalb-IRES-Cre/wt;Ai14(RCL-tdT)/wt
468435,Htr3a-Cre_NO152;Ai14-468435,M,P56,Htr3a-Cre_NO152/wt;Ai14(RCL-tdT)/wt
468417,Pvalb-IRES-Cre;Ai14-468417,F,P57,Pvalb-IRES-Cre/wt;Ai14(RCL-tdT)/wt
468437,Htr3a-Cre_NO152;Ai14-468437,F,P57,Htr3a-Cre_NO152/wt;Ai14(RCL-tdT)/wt
470194,Ndnf-IRES2-dgCre;Ai14-470194,M,P52,Ndnf-IRES2-dgCre/wt;Ai14(RCL-tdT)/wt
470550,Calb2-IRES-Cre;Sst-IRES-FlpO;Ai65-470550,M,P50,Calb2-IRES-Cre/wt;Sst-IRES-FlpO/wt;Ai65(RCFL-tdT)/wt
470195,Ndnf-IRES2-dgCre;Ai14-470195,M,P53,Ndnf-IRES2-dgCre/wt;Ai14(RCL-tdT)/wt
470551,Calb2-IRES-Cre;Sst-IRES-FlpO;Ai65-470551,M,P51,Calb2-IRES-Cre/wt;Sst-IRES-FlpO/wt;Ai65(RCFL-tdT)/wt
469302,Chat-IRES-Cre-neo;Ai14-469302,M,P57,Chat-IRES-Cre-neo/wt;Ai14(RCL-tdT)/wt
470196,Ndnf-IRES2-dgCre;Ai14-470196,F,P55,Ndnf-IRES2-dgCre/wt;Ai14(RCL-tdT)/wt
470552,Calb2-IRES-Cre;Sst-IRES-FlpO;Ai65-470552,M,P53,Calb2-IRES-Cre/wt;Sst-IRES-FlpO/wt;Ai65(RCFL-tdT)/wt
470303,Pvalb-IRES-Cre;Ai14-470303,M,P55,Pvalb-IRES-Cre/wt;Ai14(RCL-tdT)/wt
470557,Calb2-IRES-Cre;Sst-IRES-FlpO;Ai65-470557,F,P54,Calb2-IRES-Cre/wt;Sst-IRES-FlpO/wt;Ai65(RCFL-tdT)/wt
469304,Chat-IRES-Cre-neo;Ai14-469304,F,P60,Chat-IRES-Cre-neo/wt;Ai14(RCL-tdT)/wt
470692,Slc17a7-IRES2-Cre;Ai14-470692,M,P56,Slc17a7-IRES2-Cre/wt;Ai14(RCL-tdT)/wt
470677,Crh-IRES-Cre_ZJH;Sst-IRES-FlpO;Ai65-470677,M,P56,Crh-IRES-Cre_ZJH/wt;Sst-IRES-FlpO/wt;Ai65(RCFL-tdT)/wt
471157,Gad2-IRES-Cre;Ai14-471157,M,P55,Gad2-IRES-Cre/wt;Ai14(RCL-tdT)/wt
471160,Gad2-IRES-Cre;Ai14-471160,F,P57,Gad2-IRES-Cre/wt;Ai14(RCL-tdT)/wt
471296,Sst-IRES-Cre;Ai14-471296,M,P57,Sst-IRES-Cre/wt;Ai14(RCL-tdT)/wt
470694,Slc17a7-IRES2-Cre;Ai14-470694,M,P60,Slc17a7-IRES2-Cre/wt;Ai14(RCL-tdT)/wt
471959,Gad2-IRES-Cre;Ai14-471959,M,P55,Gad2-IRES-Cre/wt;Ai14(RCL-tdT)/wt
472419,Vip-IRES-Cre;Ai14-472419,M,P53,Vip-IRES-Cre/wt;Ai14(RCL-tdT)/wt
471960,Gad2-IRES-Cre;Ai14-471960,M,P56,Gad2-IRES-Cre/wt;Ai14(RCL-tdT)/wt
472421,Vip-IRES-Cre;Ai14-472421,M,P54,Vip-IRES-Cre/wt;Ai14(RCL-tdT)/wt
471961,Gad2-IRES-Cre;Ai14-471961,M,P57,Gad2-IRES-Cre/wt;Ai14(RCL-tdT)/wt
472422,Vip-IRES-Cre;Ai14-472422,M,P55,Vip-IRES-Cre/wt;Ai14(RCL-tdT)/wt
473098,Gad2-IRES-Cre;Ai14-473098,F,P56,Gad2-IRES-Cre/wt;Ai14(RCL-tdT)/wt
473099,Gad2-IRES-Cre;Ai14-473099,F,P56,Gad2-IRES-Cre/wt;Ai14(RCL-tdT)/wt
472189,Ntsr1-Cre_GN220;Ai14-472189,M,P62,Ntsr1-Cre_GN220/wt;Ai14(RCL-tdT)/wt
473603,Gad2-IRES-Cre;Ai14-473603,M,P55,Gad2-IRES-Cre/wt;Ai14(RCL-tdT)/wt
473797,Chrna2-Cre_OE25;Pvalb-T2A-FlpO;Ai65-473797,F,P56,Chrna2-Cre_OE25/wt;Pvalb-T2A-FlpO/wt;Ai65(RCFL-tdT)/wt
473604,Gad2-IRES-Cre;Ai14-473604,M,P58,Gad2-IRES-Cre/wt;Ai14(RCL-tdT)/wt
473972,Ntsr1-Cre_GN220;Ai14-473972,F,P57,Ntsr1-Cre_GN220/wt;Ai14(RCL-tdT)/wt
474663,Vip-IRES-Cre;Ai14-474663,M,P56,Vip-IRES-Cre/wt;Ai14(RCL-tdT)/wt
474772,Calb2-IRES-Cre;Sst-IRES-FlpO;Ai65-474772,M,P56,Calb2-IRES-Cre/wt;Sst-IRES-FlpO/wt;Ai65(RCFL-tdT)/wt
474665,Vip-IRES-Cre;Ai14-474665,M,P57,Vip-IRES-Cre/wt;Ai14(RCL-tdT)/wt
474670,Vip-IRES-Cre;Ai14-474670,F,P59,Vip-IRES-Cre/wt;Ai14(RCL-tdT)/wt
476127,Slc32a1-IRES-Cre;Ai14-476127,M,P55,Slc32a1-IRES-Cre/wt;Ai14(RCL-tdT)/wt
476322,Gad2-IRES-Cre;Ai14-476322,F,P54,Gad2-IRES-Cre/wt;Ai14(RCL-tdT)/wt
476128,Slc32a1-IRES-Cre;Ai14-476128,F,P56,Slc32a1-IRES-Cre/wt;Ai14(RCL-tdT)/wt
476712,Slc32a1-IRES-Cre;Ai14-476712,M,P56,Slc32a1-IRES-Cre/wt;Ai14(RCL-tdT)/wt
476902,Slc17a7-IRES2-Cre;Ai14-476902,M,P55,Slc17a7-IRES2-Cre/wt;Ai14(RCL-tdT)/wt
476713,Slc32a1-IRES-Cre;Ai14-476713,M,P57,Slc32a1-IRES-Cre/wt;Ai14(RCL-tdT)/wt
476325,Gad2-IRES-Cre;Ai14-476325,F,P58,Gad2-IRES-Cre/wt;Ai14(RCL-tdT)/wt
477022,Sncg-IRES2-FlpO-neo;Ai65F-477022,F,P58,Sncg-IRES2-FlpO-neo/wt;Ai65F/wt
477504,Slc32a1-IRES-Cre;Ai14-477504,F,P57,Slc32a1-IRES-Cre/wt;Ai14(RCL-tdT)/wt
477848,Glt25d2-Cre_NF107;Ai14-477848,M,P56,Glt25d2-Cre_NF107/wt;Ai14(RCL-tdT)/wt
478338,Pvalb-IRES-Cre;Ai14-478338,F,P54,Pvalb-IRES-Cre/wt;Ai14(RCL-tdT)/wt
478316,Slc17a6-IRES-Cre;Ai14-478316,M,P56,Slc17a6-IRES-Cre/wt;Ai14(RCL-tdT)/wt
477850,Glt25d2-Cre_NF107;Ai14-477850,M,P59,Glt25d2-Cre_NF107/wt;Ai14(RCL-tdT)/wt
478795,Slc32a1-IRES-Cre;Ai14-478795,M,P57,Slc32a1-IRES-Cre/wt;Ai14(RCL-tdT)/wt
479903,Sncg-IRES2-FlpO-neo;Ai65F-479903,M,P52,Sncg-IRES2-FlpO-neo/wt;Ai65F/wt
479200,Vip-IRES-Cre;Ai14-479200,F,P58,Vip-IRES-Cre/wt;Ai14(RCL-tdT)/wt
479904,Sncg-IRES2-FlpO-neo;Ai65F-479904,M,P54,Sncg-IRES2-FlpO-neo/wt;Ai65F/wt
479510,Slc17a7-IRES2-Cre;Ai14-479510,F,P56,Slc17a7-IRES2-Cre/wt;Ai14(RCL-tdT)/wt
479201,Vip-IRES-Cre;Ai14-479201,F,P59,Vip-IRES-Cre/wt;Ai14(RCL-tdT)/wt
479513,Slc17a7-IRES2-Cre;Ai14-479513,F,P57,Slc17a7-IRES2-Cre/wt;Ai14(RCL-tdT)/wt
479511,Slc17a7-IRES2-Cre;Ai14-479511,F,P57,Slc17a7-IRES2-Cre/wt;Ai14(RCL-tdT)/wt
479202,Vip-IRES-Cre;Ai14-479202,F,P60,Vip-IRES-Cre/wt;Ai14(RCL-tdT)/wt
479908,Sncg-IRES2-FlpO-neo;Ai65F-479908,F,P56,Sncg-IRES2-FlpO-neo/wt;Ai65F/wt
479512,Slc17a7-IRES2-Cre;Ai14-479512,F,P58,Slc17a7-IRES2-Cre/wt;Ai14(RCL-tdT)/wt
483226,Oxtr-T2A-Cre;Ai14-483226,M,P52,Oxtr-T2A-Cre/wt;Ai14(RCL-tdT)/wt
480219,Sncg-IRES2-FlpO-neo;Ai65F-480219,M,P57,Sncg-IRES2-FlpO-neo/wt;Ai65F/wt
480220,Sncg-IRES2-FlpO-neo;Ai65F-480220,M,P57,Sncg-IRES2-FlpO-neo/wt;Ai65F/wt
483227,Oxtr-T2A-Cre;Ai14-483227,M,P53,Oxtr-T2A-Cre/wt;Ai14(RCL-tdT)/wt
480221,Sncg-IRES2-FlpO-neo;Ai65F-480221,M,P58,Sncg-IRES2-FlpO-neo/wt;Ai65F/wt
483228,Oxtr-T2A-Cre;Ai14-483228,M,P55,Oxtr-T2A-Cre/wt;Ai14(RCL-tdT)/wt
481159,Sncg-IRES2-FlpO-neo;Ai65F-481159,F,P55,Sncg-IRES2-FlpO-neo/wt;Ai65F/wt
483229,Oxtr-T2A-Cre;Ai14-483229,M,P56,Oxtr-T2A-Cre/wt;Ai14(RCL-tdT)/wt
482481,Htr3a-Cre_NO152;Ai14-482481,M,P53,Htr3a-Cre_NO152/wt;Ai14(RCL-tdT)/wt
481679,Gad2-IRES-Cre;Ai14-481679,M,P56,Gad2-IRES-Cre/wt;Ai14(RCL-tdT)/wt
482431,Slc17a6-IRES-Cre;Ai14-482431,M,P53,Slc17a6-IRES-Cre/wt;Ai14(RCL-tdT)/wt
482435,Slc17a6-IRES-Cre;Ai14-482435,F,P54,Slc17a6-IRES-Cre/wt;Ai14(RCL-tdT)/wt
481681,Gad2-IRES-Cre;Ai14-481681,F,P59,Gad2-IRES-Cre/wt;Ai14(RCL-tdT)/wt
484066,Oxtr-T2A-Cre;Ai14-484066,M,P55,Oxtr-T2A-Cre/wt;Ai14(RCL-tdT)/wt
484137,Sncg-IRES2-FlpO-neo;Ai65F-484137,M,P54,Sncg-IRES2-FlpO-neo/wt;Ai65F/wt
484067,Oxtr-T2A-Cre;Ai14-484067,M,P56,Oxtr-T2A-Cre/wt;Ai14(RCL-tdT)/wt
484140,Sncg-IRES2-FlpO-neo;Ai65F-484140,F,P55,Sncg-IRES2-FlpO-neo/wt;Ai65F/wt
485419,Sncg-IRES2-FlpO-neo;Ai65F-485419,M,P54,Sncg-IRES2-FlpO-neo/wt;Ai65F/wt
485420,Sncg-IRES2-FlpO-neo;Ai65F-485420,M,P55,Sncg-IRES2-FlpO-neo/wt;Ai65F/wt
485421,Sncg-IRES2-FlpO-neo;Ai65F-485421,M,P58,Sncg-IRES2-FlpO-neo/wt;Ai65F/wt
485422,Sncg-IRES2-FlpO-neo;Ai65F-485422,M,P58,Sncg-IRES2-FlpO-neo/wt;Ai65F/wt
485430,Sncg-IRES2-FlpO-neo;Ai65F-485430,M,P59,Sncg-IRES2-FlpO-neo/wt;Ai65F/wt
485432,Sncg-IRES2-FlpO-neo;Ai65F-485432,M,P61,Sncg-IRES2-FlpO-neo/wt;Ai65F/wt
485436,Sncg-IRES2-FlpO-neo;Ai65F-485436,F,P62,Sncg-IRES2-FlpO-neo/wt;Ai65F/wt
486247,Slc32a1-IRES-Cre;Ai14-486247,M,P60,Slc32a1-IRES-Cre/wt;Ai14(RCL-tdT)/wt
486248,Slc32a1-IRES-Cre;Ai14-486248,M,P60,Slc32a1-IRES-Cre/wt;Ai14(RCL-tdT)/wt
486249,Slc32a1-IRES-Cre;Ai14-486249,F,9 wks,Slc32a1-IRES-Cre/wt;Ai14(RCL-tdT)/wt
486797,Slc32a1-IRES-Cre;Ai14-486797,F,P61,Slc32a1-IRES-Cre/wt;Ai14(RCL-tdT)/wt
488439,Pvalb-IRES-Cre;Ai14-488439,M,P54,Pvalb-IRES-Cre/wt;Ai14(RCL-tdT)/wt
488440,Pvalb-IRES-Cre;Ai14-488440,M,P55,Pvalb-IRES-Cre/wt;Ai14(RCL-tdT)/wt
488441,Pvalb-IRES-Cre;Ai14-488441,M,P57,Pvalb-IRES-Cre/wt;Ai14(RCL-tdT)/wt
488847,Gad2-IRES-Cre;Ai14-488847,F,P54,Gad2-IRES-Cre/wt;Ai14(RCL-tdT)/wt
489754,Oxtr-T2A-Cre;Ai14-489754,M,P55,Oxtr-T2A-Cre/wt;Ai14(RCL-tdT)/wt
490004,Slc17a8-iCre;Ai14-490004,M,P53,Slc17a8-iCre/wt;Ai14(RCL-tdT)/wt
490006,Slc17a8-iCre;Ai14-490006,F,P53,Slc17a8-iCre/wt;Ai14(RCL-tdT)/wt
490008,Slc17a8-iCre;Ai14-490008,F,P56,Slc17a8-iCre/wt;Ai14(RCL-tdT)/wt
491001,Penk-IRES2-Cre-neo;Slc17a6-IRES2-FlpO-491001-Ai65,M,P54,Penk-IRES2-Cre-neo/wt;Slc17a6-IRES2-FlpO/wt;Ai65(RCFL-tdT)/wt
490922,Slc17a6-IRES-Cre;Ai14-490922,M,P55,Slc17a6-IRES-Cre/wt;Ai14(RCL-tdT)/wt
491006,Penk-IRES2-Cre-neo;Slc17a6-IRES2-FlpO-491006-Ai65,F,P54,Penk-IRES2-Cre-neo/wt;Slc17a6-IRES2-FlpO/wt;Ai65(RCFL-tdT)/wt
491276,Pvalb-IRES-Cre;Th-P2A-FlpO;Ai65-491276,F,P56,Pvalb-IRES-Cre/wt;Th-P2A-FlpO/wt;Ai65(RCFL-tdT)/wt
491782,Oxtr-T2A-Cre;Ai14-491782,M,P56,Oxtr-T2A-Cre/wt;Ai14(RCL-tdT)/wt
491843,Nos1-CreERT2;Sst-IRES-FlpO;Ai65-491843,M,P55,Nos1-CreERT2/wt;Sst-IRES-FlpO/wt;Ai65(RCFL-tdT)/wt
491787,Oxtr-T2A-Cre;Ai14-491787,F,P59,Oxtr-T2A-Cre/wt;Ai14(RCL-tdT)/wt
492792,Chrna2-Cre_OE25;Sst-IRES-FlpO;Ai65-492792,F,P57,Chrna2-Cre_OE25/wt;Sst-IRES-FlpO/wt;Ai65(RCFL-tdT)/wt
493643,Slc32a1-IRES-Cre;Ai14-493643,M,P55,Slc32a1-IRES-Cre/wt;Ai14(RCL-tdT)/wt
493257,Htr3a-Cre_NO152;Ai14-493257,F,P58,Htr3a-Cre_NO152/wt;Ai14(RCL-tdT)/wt
494559,Glt25d2-Cre_NF107;Ai14-494559,M,P51,Glt25d2-Cre_NF107/wt;Ai14(RCL-tdT)/wt
493601,Esr2-IRES2-Cre;Ai14-493601,F,P59,Esr2-IRES2-Cre/wt;Ai14(RCL-tdT)/wt
494674,Esr2-IRES2-Cre;Ai14-494674,F,P57,Esr2-IRES2-Cre/wt;Ai14(RCL-tdT)/wt
495723,Ctgf-T2A-dgCre;Ai14-495723,F,P55,Ctgf-T2A-dgCre/wt;Ai14(RCL-tdT)/wt
495722,Ctgf-T2A-dgCre;Ai14-495722,F,P57,Ctgf-T2A-dgCre/wt;Ai14(RCL-tdT)/wt
495271,Vipr2-IRES2-Cre;Slc32a1-IRES2-FlpO;Ai65-495271,M,P60,Vipr2-IRES2-Cre/wt;Slc32a1-IRES2-FlpO/wt;Ai65(RCFL-tdT)/wt
495724,Ctgf-T2A-dgCre;Ai14-495724,F,P58,Ctgf-T2A-dgCre/wt;Ai14(RCL-tdT)/wt
496562,Ctgf-T2A-dgCre;Ai14-496562,M,P58,Ctgf-T2A-dgCre/wt;Ai14(RCL-tdT)/wt
498264,Glt25d2-Cre_NF107;Ai14-498264,M,P52,Glt25d2-Cre_NF107/wt;Ai14(RCL-tdT)/wt
498000,Esr2-IRES2-Cre;Ai14-498000,M,P53,Esr2-IRES2-Cre/wt;Ai14(RCL-tdT)/wt
498109,Ctgf-T2A-dgCre;Ai14-498109,M,P55,Ctgf-T2A-dgCre/wt;Ai14(RCL-tdT)/wt
498110,Ctgf-T2A-dgCre;Ai14-498110,M,P56,Ctgf-T2A-dgCre/wt;Ai14(RCL-tdT)/wt
498593,Vipr2-IRES2-Cre;Slc32a1-IRES2-FlpO;Ai65-498593,F,P55,Vipr2-IRES2-Cre/wt;Slc32a1-IRES2-FlpO/wt;Ai65(RCFL-tdT)/wt
499188,Sncg-IRES2-FlpO-neo;Ai65F-499188,F,P59,Sncg-IRES2-FlpO-neo/wt;Ai65F/wt
499189,Sncg-IRES2-FlpO-neo;Ai65F-499189,F,P60,Sncg-IRES2-FlpO-neo/wt;Ai65F/wt
499514,Vipr2-IRES2-Cre;Slc32a1-IRES2-FlpO;Ai65-499514,M,P57,Vipr2-IRES2-Cre/wt;Slc32a1-IRES2-FlpO/wt;Ai65(RCFL-tdT)/wt
499190,Sncg-IRES2-FlpO-neo;Ai65F-499190,F,P61,Sncg-IRES2-FlpO-neo/wt;Ai65F/wt
500011,Oxtr-T2A-Cre;Ai14-500011,F,P55,Oxtr-T2A-Cre/wt;Ai14(RCL-tdT)/wt
499191,Sncg-IRES2-FlpO-neo;Ai65F-499191,F,P62,Sncg-IRES2-FlpO-neo/wt;Ai65F/wt
500414,Sncg-IRES2-FlpO-neo;Ai65F-500414,M,P55,Sncg-IRES2-FlpO-neo/wt;Ai65F/wt
500415,Sncg-IRES2-FlpO-neo;Ai65F-500415,M,P55,Sncg-IRES2-FlpO-neo/wt;Ai65F/wt
500806,Etv1-CreERT2;Sst-IRES-FlpO;Ai65-500806,M,P53,Etv1-CreERT2/wt;Sst-IRES-FlpO/wt;Ai65(RCFL-tdT)/wt
500809,Etv1-CreERT2;Sst-IRES-FlpO;Ai65-500809,F,P54,Etv1-CreERT2/wt;Sst-IRES-FlpO/wt;Ai65(RCFL-tdT)/wt
500776,Oxtr-T2A-Cre;Ai14-500776,M,P57,Oxtr-T2A-Cre/wt;Ai14(RCL-tdT)/wt
508158,Vipr2-IRES2-Cre;Slc32a1-IRES2-FlpO;Ai65-508158,M,P54,Vipr2-IRES2-Cre/wt;Slc32a1-IRES2-FlpO/wt;Ai65(RCFL-tdT)/wt
508159,Vipr2-IRES2-Cre;Slc32a1-IRES2-FlpO;Ai65-508159,M,P55,Vipr2-IRES2-Cre/wt;Slc32a1-IRES2-FlpO/wt;Ai65(RCFL-tdT)/wt
